구분,대여소번호,대여소명,대여소 주소,거치대수,위도,경도
강남구,2301, 현대고등학교 건너편,서울특별시 강남구 압구정로 134,10,37.524071,127.02179
강남구,2302, 교보타워 버스정류장(신논현역 3번출구 후면),서울특별시 강남구 봉은사로 지하 102,10,37.505581,127.024277
강남구,2303, 논현역 7번출구,서울특별시 강남구 학동로 지하 102,15,37.511517,127.021477
강남구,2304, 신영 ROYAL PALACE 앞,서울특별시 강남구 언주로 626,10,37.512527,127.035835
강남구,2305, MCM 본사 직영점 앞,서울특별시 강남구 언주로 734,10,37.520641,127.034508
강남구,2306, 압구정역 2번 출구 옆,서울특별시 강남구 압구정로 지하 172,30,37.527122,127.028717
강남구,2307, 압구정 한양 3차 아파트,서울특별시 강남구 압구정로 321,10,37.528614,127.038559
강남구,2308, 압구정파출소 앞,서울특별시 강남구 압구정로 311,14,37.529301,127.035599
강남구,2309, 청담역(우리들병원 앞),서울특별시 강남구 학동로 443,10,37.518902,127.049385
강남구,2310, 청담동 맥도날드 옆(위치),서울특별시 강남구 학동로 지하 508,10,37.523613,127.040176
강남구,2311, 학동로 래미안 아파트 앞,서울특별시 강남구 학동로 지하 508,10,37.517773,127.043022
강남구,2312, 청담역 13번 출구 앞,서울특별시 강남구 영동대로 703,10,37.52058,127.056328
강남구,2313, 금원빌딩 앞,서울특별시 강남구 도산대로 539,10,37.525116,127.052467
강남구,2314, 청담나들목입구,서울특별시 강남구 영동대로128길 59,10,37.521275,127.061035
강남구,2315, 봉은사역 5번출구 옆,서울특별시 강남구 봉은사로 지하 601,10,37.514248,127.061119
강남구,2316, 삼성역 8번출구,서울특별시 강남구 영동대로 502,10,37.509575,127.063408
강남구,2317, 삼성도로공원,서울특별시 강남구 영동대로112길 66,10,37.515888,127.0662
강남구,2318, 삼성중앙역4번출구(문화센터더 리빌),서울특별시 강남구 봉은사로 531,15,37.513577,127.055031
강남구,2319, 포스코4거리 서측(수협 삼성동 지점),서울특별시 강남구 테헤란로 435,10,37.506607,127.05468
강남구,2320, 도곡역 대치지구대 방향,서울특별시 강남구 남부순환로 지하 2814,10,37.491928,127.056969
강남구,2321, 학여울역 사거리,서울특별시 강남구 남부순환로 지하 3104,10,37.496117,127.069443
강남구,2322, 삼성역 3번 출구,서울특별시 강남구 테헤란로 534,15,37.508091,127.063103
강남구,2323, 주식회사 오뚜기 정문 앞,서울특별시 강남구 영동대로 308,10,37.502213,127.067207
강남구,2324, 천주교 대치 2동 교회 옆,서울특별시 강남구 도곡로 540,10,37.500439,127.066223
강남구,2325, 대치동 버거킹대치점,서울특별시 강남구 도곡로 447,10,37.49865,127.059319
강남구,2326, 대치동 삼성로,서울특별시 강남구 삼성로 350,10,37.502396,127.0588
강남구,2327, 뱅뱅사거리 랜드마크타워 앞,서울특별시 강남구 강남대로 308,15,37.490551,127.031464
강남구,2328, 르네상스 호텔 사거리 역삼지하보도 7번출구 앞,서울특별시 강남구 언주로 506,10,37.503586,127.042641
강남구,2329, 르네상스호텔사거리 역삼지하보도 2번출구,서울특별시 강남구 테헤란로 지하 156,10,37.502357,127.04319
강남구,2330, 스타벅스 앞,서울특별시 강남구 도곡로 183,10,37.492199,127.039459
강남구,2331, 동영문화센터앞,서울특별시 강남구 언주로 337,20,37.498051,127.044601
강남구,2333, 양재역 3번출구 주변,서울특별시 강남구 강남대로 240,15,37.485157,127.034073
강남구,2334, 8.삼호@ 2동 ( 간선도로),서울특별시 강남구 선릉로 지하 228,15,37.493759,127.045898
강남구,2335, 3호선 매봉역 3번출구앞,서울특별시 강남구 남부순환로 2748,10,37.486767,127.046761
강남구,2336, 강남세브란스교차로  래미안그레이튼 104동 앞,서울특별시 강남구 선릉로 지하 228,10,37.494236,127.047462
강남구,2337, 대모산입구역 2번출구 앞,서울특별시 강남구 영동대로 101,15,37.492077,127.071976
강남구,2339, 현대아파트 정문 앞,서울특별시 강남구 언주로 107,10,37.483261,127.052299
강남구,2340, 삼호물산버스정류장(23370) 옆,서울특별시 강남구 논현로 82,15,37.477509,127.045174
강남구,2341, 일원역 4~5번 출구 사이,서울특별시 강남구 일원로 127,10,37.483311,127.084938
강남구,2342, 대청역 1번출구  뒤,서울특별시 강남구 개포로 623,10,37.494007,127.079514
강남구,2343, 세곡사거리 대왕파출소 앞,서울특별시 강남구 헌릉로 623,10,37.465317,127.107727
강남구,2344, 리엔파크 2단지 앞,서울특별시 강남구 헌릉로590길 10,10,37.465061,127.101196
강남구,2347, 두산건설 본사,서울특별시 강남구 언주로 726,15,37.518639,127.0354
강남구,2348, 포스코사거리(기업은행),서울특별시 강남구 테헤란로 501,10,37.507233,127.056854
강남구,2350, 래미안그레이튼102동앞,서울특별시 강남구 선릉로69길 19,10,37.494823,127.047905
강남구,2351, 청소년수련관(수영장)앞,서울특별시 강남구 광평로 144,15,37.483879,127.089027
강남구,2352, 서울본부세관(건설회관 앞),서울특별시 강남구 언주로 721,10,37.51759,127.035027
강남구,2353, 강남구청역 2번출구 뒤,서울특별시 강남구 학동로 342,10,37.516811,127.040474
강남구,2354, 청담역 2번출구,서울특별시 강남구 영동대로 647,5,37.519787,127.056763
강남구,2355, 삼성역 5~6번 출구 사이,서울특별시 강남구 봉은사로 524,20,37.509121,127.062309
강남구,2356, 강남구청,서울특별시 강남구 학동로 지하 346,10,37.51807,127.047119
강남구,2357, 르네상스호텔사거리 역삼지하보도 3번출구 앞 (더 오번 빌딩 명동칼국수 앞),서울특별시 강남구 언주로89길 7,15,37.501949,127.04277
강남구,2358, 구룡초사거리 (현대아파트10동 앞 ),서울특별시 강남구 개포로 303,10,37.481384,127.053917
강남구,2359,국립국악중고교 정문 맞은편,서울특별시 강남구 논현로10길 29,10,37.475605,127.050377
강남구,2360, 도곡1동 주민센터 교차로,서울특별시 강남구 도곡로 205,15,37.492809,127.041389
강남구,2361, 압구정역 교차로,서울특별시 강남구 신사동 580-7,10,37.526844,127.028259
강남구,2362, 신사동 가로수길 입구,서울특별시 강남구 신사동 501-5,10,37.517635,127.022453
강남구,2364, 도산대로 렉서스 앞,서울특별시 강남구 도산대로 229 ,10,37.52124,127.031898
강남구,2365, K+ 타워 앞,서울특별시 강남구 도산대로 333 ,15,37.5233,127.038475
강남구,2368, 도곡동 경남아파트 건너편,서울특별시 강남구 도곡동 874-1,10,37.489342,127.041298
강남구,2369, KT선릉타워,서울특별시 강남구 대치동 1011,20,37.505428,127.052872
강남구,2370, 한티역 3번출구,서울특별시 강남구 대치동 1026,20,37.496552,127.054298
강남구,2371, 한국우편사업진흥원,서울특별시 강남구 언주로 651,10,37.514748,127.035133
강남구,2372, 대치역 사거리,서울특별시 강남구 삼성로 156 ,10,37.494499,127.063797
강남구,2373, 개포동역 사거리,서울특별시 강남구 개포동 181-3,20,37.489277,127.065575
강남구,2375, 수서역 1번출구 앞,서울특별시 강남구 수서동 728,10,37.48735,127.100998
강남구,2377, 수서역 5번출구 뒤,서울특별시 강남구 수서동 724-4,10,37.486835,127.102753
강남구,2382, 역삼동 sk뷰 501동앞,서울특별시 강남구 역삼로 315-1,11,37.501343,127.050468
강남구,2383, 보금자리정원,서울특별시 강남구 헌릉로569길 39-6,10,37.466328,127.094887
강남구,2385, 학동역,서울특별시 강남구 학동로 지하 180,10,37.51395,127.030151
강남구,2387, 래미안강남힐즈 사거리,서울특별시 강남구 자곡로 101,10,37.472454,127.096077
강동구,1001, 광진교 남단 사거리(디지털프라자앞),서울특별시 강동구 구천면로 171,15,37.541805,127.124718
강동구,1002, 해공공원(천호동),서울특별시 강동구 올림픽로 702,10,37.545219,127.125916
강동구,1003, 해공도서관앞,서울특별시 강동구 올림픽로 702,20,37.543915,127.125458
강동구,1004, 삼성광나루아파트 버스정류장,서울특별시 강동구 상암로3길 77,10,37.553349,127.12886
강동구,1006, 롯데캐슬 115동앞,서울특별시 강동구 양재대로 1665,15,37.55492,127.142799
강동구,1007,암사동 선사유적지,서울특별시 강동구 올림픽로 875,16,37.559063,127.130646
강동구,1008, 암사역 3번출구(국민은행앞),서울특별시 강동구 올림픽로 지하 776,10,37.549549,127.127151
강동구,1009, 천호역4번출구(현대백화점),서울특별시 강동구 천호대로 지하 997,20,37.538658,127.124214
강동구,1010, 강동세무서,서울특별시 강동구 천호대로 1139,20,37.534481,127.138344
강동구,1011, LIGA 아파트 앞,서울특별시 강동구 천호대로 1120,20,37.534771,127.135239
강동구,1012, 서울 상운차량,서울특별시 강동구 올림픽로 610,15,37.536026,127.122726
강동구,1013, 강동구청역 1번 출입구,서울특별시 강동구 올림픽로 지하 550,15,37.530773,127.120926
강동구,1014, 강동구평생학습관앞,서울특별시 강동구 고덕로 295,15,37.5508,127.142624
강동구,1015, 샛마을 근린공원,서울특별시 강동구 구천면로 431-2,13,37.550079,127.146912
강동구,1016, 해뜨는 주유소옆 리엔파크 109동앞,서울특별시 강동구 상일로 152,10,37.559399,127.171158
강동구,1017, 맥도날드(길동),서울특별시 강동구 천호대로 1207,20,37.535473,127.145172
강동구,1018, 둔촌 주공 GS 맞은편,서울특별시 강동구 양재대로 1330,20,37.524681,127.135406
강동구,1019, 다성이즈빌아파트(호원대 대각선 맞은편),서울특별시 강동구 성내로 91,10,37.526825,127.130028
강동구,1020, 강동경찰서,서울특별시 강동구 성내로 57,15,37.52829,127.126801
강동구,1021, 강일동 리슈빌 빌딩앞,서울특별시 강동구 아리수로 419,15,37.564301,127.17395
강동구,1022, 길동 사거리(초소앞),서울특별시 강동구 양재대로 1441,20,37.533764,127.138031
강동구,1023, 한국종합기술사옥 앞,서울특별시 강동구 상일동 504 ,15,37.549999,127.17469
강동구,1024,  강동구청 앞,서울특별시 성내동 546-3 ,10,37.529251,127.123108
강동구,1025, 상일초등학교,서울특별시  상일동 440-3,10,37.546696,127.172546
강동구,1026, 대명초교 입구 교차로,서울특별시 명일동 59,14,37.546631,127.155884
강동구,1027, 프라자 아파트 앞,서울특별시 길동 176-3,20,37.535999,127.147697
강동구,1028, 포레스 주상복합 빌딩,서울특별시 성내동 119-2,10,37.5331,127.12278
강동구,1029, 롯데 시네마,서울특별시 성내동  44-1,10,37.536541,127.125397
강동구,1030, 미호 플랜트 앞,서울특별시 성내동 478,15,37.527061,127.12207
강동구,1031, 암사동 CBIS,서울특별시 암사동 440-13,15,37.555851,127.129898
강동구,1032, 선사고등학교,서울특별시 암사동 445,20,37.556728,127.136208
강동구,1033, 고덕동 아남아파트,서울특별시 고덕동 673,10,37.557991,127.144707
강동구,1034, 고덕동 래미안 힐스테이트,서울특별시 고덕동 603,15,37.561909,127.150749
강동구,1035, 고덕역 4번출구,서울특별시 명일동 46-5,20,37.555016,127.155273
강동구,1036, 고덕동 주양쇼핑,서울특별시 명일동 48-2,10,37.551998,127.153297
강동구,1037, 강일 6단지,서울특별시 강일동 448-2,10,37.562588,127.177612
강동구,1038, 강일 다솜 어린이 공원,서울특별시 강일동 333-2,10,37.568668,127.174797
강동구,1039, 고덕초등학교,서울특별시 고덕동 215,7,37.561279,127.167801
강동구,1040, 강일동 에너지 마루,서울특별시 고덕동 375,15,37.5672,127.16346
강동구,1041, 묘곡초등학교,서울특별시 고덕동 499-2,10,37.559196,127.153297
강동구,1042, 강일 2.5단지 사이,서울특별시 강일동 63-20,10,37.568562,127.177002
강동구,1044, 굽은다리역,서울특별시  양재대로 1572,15,37.545399,127.142601
강북구,1501,미아역 3번4번 출구 사이,서울특별시 강북구 도봉로 196,9,37.62608,127.026482
강북구,1503, 이디야 커피 수유역점 앞,서울특별시 강북구 도봉로 355,12,37.639278,127.026756
강북구,1504, 다이소 삼양시장점,서울특별시 강북구 삼양로 234,10,37.624157,127.018623
강북구,1506, 강북문화예술회관,서울특별시 강북구 삼각산로 85,20,37.640327,127.013359
강북구,1509, 서울북부수도사업소,서울특별시 강북구 한천로 935,10,37.634377,127.035751
강북구,1510, 번동주공5단지 관리사무소 앞,서울특별시 강북구 오현로25마길 27,10,37.633717,127.035515
강북구,1511, 번동 금호어울림아파트102동앞,서울특별시 강북구 오현로31길 85-7,9,37.631123,127.036034
강북구,1512, 강북중학교 앞,서울특별시 강북구 한천로150길 67,20,37.644737,127.026566
강북구,1513, 강북구청 뒷편,서울특별시 강북구 도봉로89길 13,20,37.639648,127.025124
강북구,1514, 강북구청 사거리 버스정류소 앞,서울특별시 강북구 한천로 1009,10,37.638805,127.028358
강북구,1515, 송천동 주민센터,서울특별시 강북구 솔샘로 284,10,37.618286,127.024048
강북구,1516, 우이초등학교 후문 옆,서울특별시 강북구 삼양로99길 33,10,37.638706,127.015907
강북구,1518, SK telecom(수유직영점) 앞,서울특별시 강북구 삼양로 439,10,37.643085,127.016167
강북구,1519, 세븐일레븐 수유장미원점 앞,서울특별시 강북구 삼양로 474,10,37.645451,127.015617
강북구,1520, 성실교회,서울특별시 강북구 노해로 50,10,37.639862,127.022789
강북구,1522, 월드전기조명인테리어(우이동),서울특별시 도봉구 삼양로 574,10,37.654472,127.012756
강북구,1525, 미아동 복합청사,서울특별시 강북구 솔매로49길 14,10,37.62714,127.026695
강북구,1526, 수유동 채선당앞,서울특별시 강북구 수유동 140,8,37.641739,127.024628
강북구,1527, 미아역 1번 출구 뒤,서울특별시 강북구 미아동 194-1,10,37.627335,127.026054
강북구,1528, 삼각산동 주민센터,서울특별시 미아동 813-8,10,37.615036,127.020699
강북구,1529, 미아동 한국전력공사,서울특별시 미아동 194-1,15,37.63018,127.02491
강북구,1530, 광산사거리,서울특별시 강북구 노해로 87 ,10,37.643551,127.022346
강북구,1531, 미아사거리 1번 출구,서울특별시 강북구 미아동 66-1,10,37.613956,127.030251
강북구,1532, 번3동 주민센터 교차로,서울특별시 강북구 번동 2-2,10,37.626354,127.047447
강북구,1533,번동 주공3 4단지 교차로,서울특별시 강북구 번동 254,10,37.629917,127.040916
강북구,1534, 북서울 꿈의 숲 동문,서울특별시 강북구 번동 105,20,37.619637,127.044533
강북구,1535, 효성인텔리안 앞,서울특별시 수유동 230-7,10,37.636292,127.023376
강북구,1536, 번동 두산위브 101동 옆,서울특별시 번동 386-17,20,37.636261,127.032173
강북구,1538, 솔밭공원역,서울특별시 강북구 삼양로 595,8,37.656158,127.013138
강북구,1539, 4.19민주묘지역,서울특별시 강북구 삼양로 519,10,37.649673,127.013451
강북구,1541, 삼양역,서울특별시 강북구 삼양로 263,10,37.62653,127.018059
강서구,1101, 개화동상사마을종점 버스정류장,서울특별시 강서구 개화동로5길 3-8,10,37.581612,126.798599
강서구,1102, 방화사거리 마을버스 버스정류장,서울특별시 강서구 양천로17길 6,10,37.573643,126.811806
강서구,1103, 방화역 4번출구앞,서울특별시 강서구 금낭화로 135,10,37.577221,126.812195
강서구,1105, 방화근린공원,서울특별시 강서구 금낭화로 176,10,37.582447,126.812035
강서구,1106, 신방화사거리,서울특별시 강서구 방화대로 342,10,37.573032,126.816452
강서구,1108, 공항시장역 1번출구,서울특별시 강서구 방화동로 지하 30,8,37.56356,126.81015
강서구,1109, 공항시장역 4번출구,서울특별시 강서구 방화동로 지하 30,6,37.563347,126.810486
강서구,1110, 공항중학교앞,서울특별시 강서구 방화대로 241,10,37.562683,126.816238
강서구,1111, 마곡엠밸리6_7단지 마곡중학교,서울특별시 강서구 마곡중앙5로 58,15,37.566982,126.8218
강서구,1112, 마곡엠밸리4단지 정문,서울특별시 강서구 마곡서로 175,15,37.568577,126.824776
강서구,1113, 서남환경공원 버스정류장,서울특별시 강서구 양천로 201,15,37.573093,126.822899
강서구,1114, 서남물재생센터 버스정류장,서울특별시 강서구 양천로 200,15,37.572781,126.826279
강서구,1115, 등촌역 1번출구옆,서울특별시 강서구 공항대로59길 8,10,37.551666,126.86409
강서구,1117, 스타벅스앞,서울특별시 강서구 공항대로 329,10,37.558197,126.844261
강서구,1118, 증미역 3번출구뒤(등촌두산위브센티움오피스텔),서울특별시 강서구 양천로 지하 560,10,37.557461,126.861458
강서구,1119, 염창동 한마음아파트앞(염창동 빛나는 음악학원앞),서울특별시 강서구 양천로 637,6,37.554253,126.867561
강서구,1120, 대림경동아파트앞,서울특별시 강서구 허준로 121,10,37.565189,126.853996
강서구,1121, 가양레포츠센터앞,서울특별시 강서구 양천로61길 101,15,37.559479,126.86438
강서구,1122, 황금내근린공원,서울특별시 강서구 허준로 221-40,10,37.561932,126.863869
강서구,1123, 공암나루근린공원 관리사무소옆,서울특별시 강서구 강서로80길 117,15,37.57048,126.849503
강서구,1124, 발산역 6번출구옆(다이소앞),서울특별시 강서구 공항대로 280,10,37.557968,126.838287
강서구,1125, 명덕고교입구(영종빌딩),서울특별시 강서구 강서로 304,10,37.552914,126.836571
강서구,1126, 우장산역 1번출구옆(우장산아이파크105동앞),서울특별시 강서구 강서로 지하 262,7,37.548908,126.836563
강서구,1127, 화곡역(에이스정형외과앞) 버스정류장,서울특별시 강서구 화곡로 157,10,37.540981,126.838547
강서구,1128, 화곡역 6번출구,서울특별시 강서구 화곡로 지하 168,10,37.541412,126.840225
강서구,1129, 화곡역 1번 출구 앞,서울특별시 강서구 화곡로 지하 168,10,37.542099,126.840218
강서구,1130, 화곡본동시장 버스정류장,서울특별시 강서구 화곡로 196,7,37.542751,126.842621
강서구,1131, 꿈돌이공원 앞,서울특별시 강서구 화곡로 232,8,37.546444,126.845459
강서구,1132, 등촌역 7번출구,서울특별시 강서구 공항대로 지하 529,10,37.551109,126.863708
강서구,1135, 강서구의회,서울특별시 강서구 등촌로 185,10,37.546532,126.862549
강서구,1136, 등촌2파출소,서울특별시 강서구 등촌로 167,10,37.544788,126.862
강서구,1137, 등촌2동주민센터,서울특별시 강서구 등촌로 143,10,37.541649,126.863365
강서구,1139, 용문사 버스정류장,서울특별시 강서구 등촌로 95,8,37.537891,126.863396
강서구,1140, 목동사거리 버스정류장,서울특별시 강서구 등촌로 19,15,37.531399,126.863609
강서구,1141, 곰달래 문화복지센터 1-1,서울특별시 강서구 강서로5길 50,10,37.52906,126.84848
강서구,1145, 곰달래 문화복지센터 1-2,서울특별시 강서구 강서로5길 50,10,37.528919,126.848083
강서구,1146, 곰달래사거리,서울특별시 강서구 곰달래로 51,10,37.530338,126.838257
강서구,1148, 볏골공원,서울특별시 강서구 까치산로4길 22,10,37.54147,126.84478
강서구,1149, 신방화역환승주차장,서울특별시 강서구 마곡서1로 111-12,13,37.567284,126.818275
강서구,1150, 송정역 1번출구,서울특별시 강서구 공항대로3길 18,10,37.56155,126.810478
강서구,1153, 발산역 2번출구,서울특별시 강서구 공항대로 281,10,37.55891,126.838097
강서구,1155, 기쁜우리복지관,서울특별시 강서구 가양동 1458-15 ,10,37.56926,126.848419
강서구,1158, 가양역 8번출구,서울특별시 강서구 양천로 지하 485,10,37.565853,126.846596
강서구,1159, 서서울모터리움앞,서울특별시 강서구 양천로53길 30,20,37.565853,126.846596
강서구,1160, 양천향교역 7번출구앞,서울특별시 강서구 양천로 지하 341,20,37.56768,126.840897
강서구,1161, 강서면허시험장앞,서울특별시 강서구 남부순환로 171,10,37.549694,126.819664
강서구,1162, 공항초등학교건너편,서울특별시 강서구 마곡서1로 68,10,37.562679,126.820473
강서구,1163, 방화동강서기동대앞,서울특별시 강서구 방화대로34길 65,10,37.570499,126.820084
강서구,1166, 강서구립등빛도서관,서울특별시 강서구 강서로62길 48,10,37.562569,126.842461
관악구,2102, 봉림교 교통섬,서울특별시 관악구 관천로 52,20,37.48423,126.926392
관악구,2103, 신림동 우방아파트,서울특별시 관악구 관천로27길 2,10,37.489178,126.919273
관악구,2104, 사당역 5번출구,서울특별시 동작구 남부순환로 지하 2089,13,37.476089,126.981331
관악구,2105, 미성동 신림체육센터,서울특별시 관악구 난곡로 295,12,37.480251,126.914604
관악구,2106, 난곡 새마을금고,서울특별시 관악구 난곡로 210,12,37.473728,126.918404
관악구,2107, 도림천 신화교,서울특별시 관악구 신림로 40,25,37.475471,126.936455
관악구,2108, 은천치안센터,서울특별시 관악구 봉천로 375,20,37.483341,126.943199
관악구,2109, 은천로입구 가로공원,서울특별시 양천구 가로공원로 지하 133,15,37.486225,126.935829
관악구,2110, 조원동 미성아파트,서울특별시 관악구 시흥대로 560,9,37.483192,126.902031
관악구,2111, 서울대입구역 1번출구,서울특별시 관악구 남부순환로 1830,10,37.480869,126.953316
관악구,2112, 서울대입구역 마에스트로,서울특별시 관악구 남부순환로 지하 1822,15,37.481339,126.950645
관악구,2113, 관악동작견인차량보관소,서울특별시 관악구 신사로 7,10,37.484661,126.9039
관악구,2115, 관악농협농산물백화점,서울특별시 관악구 남부순환로 1369,15,37.479916,126.90284
관악구,2116, 에이스에이존빌딩,서울특별시 관악구 남부순환로 지하 1822,9,37.481705,126.950829
관악구,2119, 중앙동 동진빌딩,서울특별시 관악구 관악로 217,10,37.484257,126.954697
관악구,2122, 낙성대로 입구,서울특별시 관악구 남부순환로 1889,20,37.478058,126.960495
관악구,2127, 보성운수차고지 맞은편,서울특별시 관악구 난곡로 99,10,37.464886,126.919479
관악구,2128, 관악구청교차로,서울특별시 관악구 관악로 153,12,37.479164,126.952583
관악구,2129, 낙성대 과학전시관,서울특별시 관악구 낙성대로 101,10,37.469055,126.958145
관악구,2130, 영어마을 관악캠프,서울특별시 관악구 낙성대로 70,15,37.47197,126.958763
관악구,2135, 신림역 5번출구,서울특별시 관악구 남부순환로 지하 1614,11,37.484409,126.928909
관악구,2136, 신림역 8번출구,서울특별시 관악구 신림로 340,10,37.484577,126.929916
관악구,2137, KT&G 관악지점,서울특별시 관악구 남부순환로 1675,10,37.484901,126.936531
관악구,2140, 신림1교 교차로,서울특별시 관악구 신림로 270,12,37.478428,126.931862
관악구,2141, 미림여고입구 교차로,서울특별시 관악구 신림로 137,12,37.472294,126.933411
관악구,2143, 서울산업정보학교,서울특별시 관악구 신림로 67,10,37.470695,126.9422
관악구,2144, 난우길입구,서울특별시 관악구 문성로 115,15,37.477776,126.916756
관악구,2145, 은천초등학교 육교,서울특별시 관악구 은천로 69,12,37.486359,126.942924
관악구,2148, 낙성대역 3번출구 뒤,서울특별시 관악구 남부순환로 지하 1928,10,37.477028,126.963394
관악구,2153, 서울남부초등학교 옆,서울특별시 관악구 남부순환로163가길 20,10,37.485142,126.920563
관악구,2156, 농협 관악문성지점,서울특별시 금천구 남부순환로 1428,12,37.480721,126.909325
관악구,2157, 난곡 사거리,서울특별시 관악구 난곡로 317,10,37.4818,126.915237
관악구,2159, 인헌초교,서울특별시 관악구 봉천동 244-1 ,10,37.47509,126.959229
관악구,2164, 관악우체국,서울특별시 관악구 남부순환로 1641,8,37.484768,126.932877
관악구,2165, JK장평타워,서울특별시 관악구 남부순환로 1943,10,37.476482,126.965363
관악구,2170, 조원동서울본병원,서울특별시 관악구 남부순환로 1451,10,37.481529,126.912033
관악구,2171, 서울대입구역 5번출구,서울특별시 관악구 남부순환로 1817,17,37.481548,126.952003
관악구,2172, 나들목공원,서울특별시 관악구 신림로 41,20,37.469406,126.944511
관악구,2173, 당곡사거리,서울특별시 관악구 보라매로 3,10,37.48975,126.927467
관악구,2174, 삼성디지털프라자관악점,서울특별시 관악구 신림로 386,10,37.488564,126.928482
관악구,2175, 신림동걷고싶은문화의거리입구,서울특별시 관악구 신림로 369,10,37.487301,126.928703
관악구,2176, 보라매공원 보도육교,서울특별시 관악구 신사로 132,15,37.488907,126.916679
광진구,3501, 광진구청 앞,서울특별시 광진구 자양로 131,10,37.539501,127.083
광진구,3502, 중곡역 1번출구,서울특별시 광진구 능동로 지하 417,15,37.565659,127.084297
광진구,3503, 광진유진스웰,서울특별시 광진구 아차산로78길 7,20,37.550488,127.108955
광진구,3504, 원일교회,서울특별시 광진구 아차산로 304,9,37.538052,127.076599
광진구,3505, 신양초교앞 교차로,서울특별시 광진구 능동로 42,12,37.535221,127.068398
광진구,3506, 영동대교 북단,서울특별시 광진구 자양동 203-22,10,37.537014,127.061096
광진구,3507, 어린이회관,서울특별시 광진구 능동 465-7,25,37.545952,127.078003
광진구,3508, 화양사거리,서울특별시 광진구 화양동 21-6,10,37.548222,127.067879
광진구,3509, 세종사이버대학교,서울특별시 광진구 군자동 111-2,20,37.55315,127.072853
광진구,3517, 용마사거리,서울특별시 광진구 능동로 373,10,37.562656,127.082756
광진구,3520, 광진경찰서,서울특별시 광진구 자양로 167,10,37.542519,127.084084
광진구,3521, 현대홈타운 뒷길,서울특별시 광진구 아차산로69길 29,10,37.543427,127.096619
광진구,500,어린이대공원역 3번출구 앞,서울특별시 광진구 능동로 지하210,10,37.54707,127.074272
광진구,501,광진구의회 앞,서울특별시 광진구 능동로 76,15,37.537308,127.070351
광진구,502,뚝섬유원지역 1번출구 앞,서울특별시 광진구 능동로 10,15,37.53186,127.067192
광진구,503,더샵스타시티 C동 앞,서울특별시 광진구 아차산로 262,15,37.536667,127.073593
광진구,504,신자초교입구교차로,서울특별시 광진구 뚝섬로 596,5,37.53297,127.075935
광진구,505,자양사거리 광진아크로텔 앞,서울특별시 광진구 아차산로 355,10,37.53701,127.082245
광진구,515,광양중학교 앞,서울특별시 광진구 자양로3길 7,10,37.530235,127.08683
광진구,516,광진메디칼 앞,서울특별시 광진구 광나루로 355,10,37.548405,127.069366
광진구,539,군자교교차로,서울특별시 광진구 중곡동 263-1,10,37.559795,127.074203
광진구,540,군자역 7번출구 베스트샵 앞,서울특별시 광진구 군자동 499,8,37.55603,127.078644
광진구,542,강변역 4번출구 뒤,서울특별시 광진구 구의동 546-6,19,37.535465,127.094482
광진구,543,구의공원(테크노마트 앞),서울특별시 광진구 구의동 546-3,20,37.535969,127.094673
광진구,544,광남중학교,서울특별시 광진구 광장동 561-15,20,37.54073,127.102905
광진구,546,잠실대교북단 교차로,서울특별시 광진구 자양동 722,8,37.532478,127.085091
광진구,548,자양나들목,서울특별시 광진구 자양동 738,20,37.52977,127.07486
광진구,549,아차산역 3번출구,서울특별시 광진구 구의동 96,10,37.551224,127.089706
광진구,551,구의삼성쉐르빌 앞,서울특별시 광진구 구의강변로 106,10,37.540062,127.094498
광진구,552,대림아크로리버 앞,서울특별시 광진구 구의강변로 64,10,37.536579,127.092972
광진구,553,중곡 성원APT 앞,서울특별시 광진구 동일로 459,10,37.571255,127.079803
광진구,555,구의3동주민센터,서울특별시 광진구 강변역로 17,10,37.537849,127.092171
광진구,571,어린이대공원역6번출구,서울특별시 광진구 군자로 74,20,37.548496,127.07476
광진구,572,국립정신 건강센터 앞,서울특별시 광진구 능동로 398,20,37.565536,127.0867
광진구,573,구의문주차장 앞,서울특별시 광진구 능동로 216,10,37.545231,127.084732
광진구,574,아차산역4번출구,서울특별시 광진구 능동로 216,20,37.551849,127.088982
광진구,575,중앙농협 중곡지점,서울특별시 광진구 용마산로 120,10,37.564293,127.086937
광진구,576,광나루역 3번 출구,서울특별시 광진구 아차산로 552,10,37.54483,127.104263
광진구,577,광진청소년수련관,서울특별시 광진구 구천면로 2,10,37.546547,127.106133
광진구,584,광진광장 교통섬,서울특별시 광진구 군자동 374-8,20,37.547829,127.072632
광진구,588,뚝섬 유원지역,서울특별시 광진구 능동로 10,15,37.532688,127.067497
광진구,590,건국대학교 (입학정보관),서울특별시 광진구 능동로 120,10,37.540089,127.073746
광진구,591,건국대학교 (행정관),서울특별시 광진구 능동로 120,5,37.542778,127.075371
광진구,592,건국대학교 학생회관,서울특별시 광진구 능동로 120,15,37.541763,127.07843
광진구,593,양중앙나들목,서울특별시 광진구 자양강변길 301,5,37.528587,127.077873
구로구,1901, 신도림동주민센터 앞,서울특별시 구로구 신도림로 40,10,37.507332,126.87973
구로구,1904, 도림천역 1번 출구 앞,서울특별시 구로구 경인로67길 160,10,37.51424,126.882874
구로구,1906, 신도림역 1번 출구 앞,서울특별시 구로구 경인로 688,20,37.50972,126.890099
구로구,1907, 구일우성(아) 육교 밑,서울특별시 구로구 구일로2길 59,12,37.489632,126.876259
구로구,1908, 해원리바파크 육교 밑,서울특별시 구로구 구일로 110,10,37.495285,126.872162
구로구,1910, 낙원교회 맞은편,서울특별시 구로구 구로동로42길 43,5,37.497505,126.884377
구로구,1911, 구로디지털단지역 앞,서울특별시 구로구 시흥대로 577-2,10,37.48494,126.901321
구로구,1912, 한신휴아파트 앞,서울특별시 구로구 디지털로31길 120,10,37.4888,126.890663
구로구,1913, 구로리공원,서울특별시 구로구 구로중앙로 13,10,37.491032,126.892151
구로구,1914, 대림역4번출구,서울특별시 구로구 도림천로 351,10,37.494591,126.893921
구로구,1916, 구로중학교앞,서울특별시 구로구 구로중앙로 48,10,37.494141,126.889984
구로구,1920, 서울미래초등학교 사거리,서울특별시 구로구 새말로 73,10,37.504379,126.888298
구로구,1924, 삼부르네상스파크빌,서울특별시 구로구 남부순환로 1299,10,37.478741,126.895096
구로구,1925, 동양미래대학교 정문 옆,서울특별시 구로구 경인로 445,20,37.499889,126.867699
구로구,1928, 고척스카이돔구장 광장,서울특별시 구로구 경인로 430,10,37.49947,126.868401
구로구,1929, 고척근린공원 고척도서관 앞,서울특별시 구로구 고척로45길 31,10,37.505135,126.85276
구로구,1930, 개봉지구대 개봉치안센터,서울특별시 구로구 경인로 293,7,37.497684,126.853729
구로구,1931, 개봉역(북측광장),서울특별시 구로구 경인로40길 47,10,37.494995,126.858253
구로구,1933, 개봉푸르지오아파트 상가,서울특별시 구로구 남부순환로 775,10,37.501583,126.84687
구로구,1936, 개봉역 1번 출구 자전거보관서쪽,서울특별시 구로구 경인로40길 47,10,37.494282,126.859215
구로구,1937, 한진아파트 입구,서울특별시 구로구 개봉로3길 87,15,37.486061,126.852013
구로구,1940, 예성 라온팰리스 앞,서울특별시 구로구 오류로8바길 34,10,37.497551,126.847252
구로구,1941, 오류동역 2번출구,서울특별시 구로구 서해안로 2340-10,10,37.493938,126.844055
구로구,1943, 온수역 북측,서울특별시 구로구 경인로3길 지하 64,10,37.49279,126.824524
구로구,1946, 구로역 광장,서울특별시 구로구 구로중앙로 174,10,37.503117,126.880386
구로구,1951, 천왕이펜하우스 4단지 상가 앞,서울특별시 구로구 천왕로 9,20,37.480289,126.8395
구로구,1952, 천왕연지타운2단지 앞,서울특별시 구로구 오리로 1102-10,15,37.482105,126.845726
구로구,1953, 천왕역 4번출구 뒤,서울특별시 구로구 오리로 지하 1154,20,37.486385,126.839211
구로구,1955, 디지털입구 교차로,서울특별시 구로구 시흥대로 551,10,37.482883,126.901039
구로구,1956, 도야미리숫불갈비 앞,서울특별시 구로구 신도림로 67,10,37.51001,126.88205
구로구,1957, 구일고등학교 정문 ,서울특별시 구로구 구일로 90-51,15,37.493401,126.874329
구로구,1958, 강서수도사업소민원센터,서울특별시 구로구 가마산로 272,10,37.495781,126.890121
구로구,1960, 화광신문사 앞,서울특별시 구로구 공원로 68,10,37.50285,126.889481
구로구,1961, 신도림테크노근린공원,서울특별시 구로구 새말로 121-15,15,37.508194,126.891304
구로구,1962, 가리봉동주민센터,서울특별시 구로구 디지털로26길 5,10,37.481602,126.892799
구로구,1963, 디지털단지오거리,서울특별시 금천구 가산로 157,10,37.479317,126.890121
구로구,1964, 원메디타운 앞,서울특별시 구로구 경인로 403,10,37.49789,126.864502
구로구,1965, 삼환로즈빌아파트 105동 옆,서울특별시 구로구 경인로 343,15,37.497231,126.859192
구로구,1966, 한마을아파트 정문상가,서울특별시 구로구 경인로 382,10,37.496498,126.863098
구로구,1967, 참새공원(백곡경노당),서울특별시 구로구 고척로21길 85,10,37.505138,126.844337
구로구,1968, 동인오피스텔 건너편 소공원,서울특별시 구로구 고척로22길 64,7,37.498482,126.847504
구로구,1969, 궁동생태공원,서울특별시 구로구 오리로 1352,10,37.501904,126.828964
구로구,1971, 오정초교 앞 보도육교,서울특별시 구로구 경인로2길 10,10,37.490723,126.826393
구로구,1973, 오리로와 서해안도로 교차로 앞,서울특별시 구로구 오리로 1181,15,37.488598,126.836494
구로구,1975, 대림역 1번 출입구 밑,서울특별시 구로구 도림천로 351,10,37.49258,126.894737
구로구,1976, 남구로역 5번 출입구 앞,서울특별시 구로구 도림로 지하 7,10,37.48568,126.886703
구로구,1979, 구로1동우체국 앞,서울특별시 구로구 구일로 64,10,37.492031,126.873772
구로구,1981, 천왕이펜하우스5단지 앞,서울특별시 구로구 천왕로 10,10,37.479431,126.842697
구로구,1983, 구로동롯데아파트,서울특별시 구로구 새말로 31,10,37.502548,126.883881
구로구,1984, 구로구청,서울특별시 구로구 가마산로 245,10,37.495266,126.888474
구로구,1985, 구로도서관,서울특별시 구로구 공원로 15,20,37.498516,126.891991
금천구,1802, 가산디지털단지역 5번출구,서울특별시 금천구 벚꽃로 309,20,37.479591,126.882202
금천구,1804, 독산역 2번출구 자전거주차장,서울특별시 금천구 벚꽃로 115,10,37.46653,126.888718
금천구,1805, 서울디지털운동장 앞,서울특별시 금천구 가산디지털2로 151,10,37.482288,126.877769
금천구,1806, 에이스하이엔드타워9차 앞,서울특별시 금천구 가산디지털1로 233,10,37.486214,126.878639
금천구,1808, 에이스하이엔드타워8차 앞,서울특별시 금천구 가산디지털1로 84,20,37.473209,126.884941
금천구,1809, LG전자 별관동(호서대 벤처타워 맞은편),서울특별시 금천구 가산디지털1로 63,10,37.470779,126.885155
금천구,1812, 갑을그레이트밸리 앞,서울특별시 금천구 디지털로9길 32,10,37.479031,126.887299
금천구,1814, 두산위브아파트 옆 상가건물 앞,서울특별시 금천구 가산로 99,8,37.47422,126.894127
금천구,1816, 금천폭포공원 앞,서울특별시 금천구 시흥대로38길 61,20,37.446861,126.903831
금천구,1819, 금천구청 앞 자전거거치대,서울특별시 금천구 시흥대로73길 70,10,37.456478,126.895927
금천구,1820, 신한은행 시흥대로금융센터지점,서울특별시 금천구 시흥대로 446,10,37.44334,126.903358
금천구,1821, 홈플러스 시흥점 맞은편 다비치안경 앞,서울특별시 금천구 시흥대로 198,10,37.451458,126.902115
금천구,1822, 서울 시흥동우체국 앞,서울특별시 금천구 시흥대로 217,10,37.452991,126.900909
금천구,1823, 상신정비공업 앞,서울특별시 금천구 시흥대로 287,20,37.458912,126.89859
금천구,1824, 독산근린공원 입구,서울특별시 금천구 독산동 ,15,37.46455,126.883728
금천구,1825, 한신아파트 앞 육교 아래,서울특별시 금천구 금하로1길 70,10,37.4547,126.891052
금천구,1826, 한신코아 앞,서울특별시 금천구 한내로 62,20,37.456841,126.888344
금천구,1827, 독산보도육교 앞 자전거 보관소,서울특별시 금천구 서부샛길 70,20,37.455849,126.893143
금천구,1828, 한양수자인아파트 앞,서울특별시 금천구 시흥대로150길 6,10,37.475319,126.898888
금천구,1829, 홈플러스 금천점 앞,서울특별시 금천구 시흥대로 391,10,37.469139,126.897202
금천구,1830, 빅마켓 금천점 앞,서울특별시 금천구 두산로 71,15,37.47023,126.895073
금천구,1831, 메이퀸웨딩컨벤션 앞,서울특별시 금천구 시흥대로 435,10,37.4725,126.897957
금천구,1833, 독산역 1번출구 앞 자전거보관소,서울특별시 금천구 벚꽃로 115,10,37.466541,126.890282
금천구,1834, 월드메르디앙 벤처센터 2차,서울특별시 금천구 가산디지털2로 123,10,37.479084,126.879044
금천구,1835, STX V타워,서울특별시 금천구 가산디지털1로 128,10,37.47707,126.88443
금천구,1836, 금천구립 독산도서관,서울특별시 금천구 독산로54길 114,7,37.467403,126.908142
금천구,1839, 수출의 다리 아래,서울특별시 가산동 60-35,20,37.47736,126.885223
금천구,1840, 솔브레인이엔지 뒤편,서울특별시 가산동 219-18,20,37.475101,126.888069
금천구,1841, 가산동 주민센터,서울특별시 가산동 144-3,10,37.476952,126.891869
금천구,1842, 한울중학교,서울특별시 시흥동 1000-3,15,37.462574,126.90686
금천구,1843, 독산고등학교,서울특별시 독산동 906-42,10,37.477097,126.911133
금천구,1845, 롯데캐슬골드파크1차 서문,서울특별시 금천구 벚꽃로40 ,15,37.460289,126.892189
금천구,1846, 롯데캐슬골드파크1차 동문,서울특별시 금천구 독산동 441-19 ,15,37.460171,126.896042
금천구,1847, 독산주공 14단지 버스정류소,서울특별시 금천구 안양천로,10,37.461033,126.8871
금천구,1848, 벽산 디지털밸리 5차,서울특별시 금천구 가산동 60-73 ,10,37.476276,126.885391
금천구,1849, 대륭포스트타워5차,서울특별시 금천구 디지털로9길 68,10,37.481354,126.88694
금천구,1850, 코오롱테크노밸리,서울특별시 금천구 디지털로9길 56,10,37.48016,126.886368
금천구,1851, 가산디지털단지 7번출구,서울특별시 금천구 벚꽃로 309,10,37.481255,126.881142
노원구,1601, 석계역 문화광장 내 자전거 보관소,서울특별시 노원구 화랑로 331,20,37.615299,127.064468
노원구,1602, 광운대역 앞,서울특별시 노원구 석계로 98-2,15,37.622662,127.061897
노원구,1603, 롯데캐슬 102동 코너(월계주유소건너),서울특별시 노원구 월계로 252,10,37.624859,127.05014
노원구,1605, 헬스케어,서울특별시 노원구 월계로 378,10,37.631622,127.061615
노원구,1606, 태릉입구역 3번출구 ,서울특별시 노원구 동일로 지하 992-1,10,37.619171,127.074928
노원구,1608, 공릉역 1번 출구 앞,서울특별시 노원구 동일로 지하 1074,10,37.626614,127.072754
노원구,1610, 화랑대역 2번출구 앞,서울특별시 노원구 화랑로 지하 510,20,37.620369,127.083641
노원구,1611, 과기대 입구(우),서울특별시 노원구 공릉로 232,20,37.62994,127.076553
노원구,1616, 하계2동 공항버스정류장 옆,서울특별시 노원구 동일로 지하 1196,10,37.635109,127.068329
노원구,1617, 하계동 중평어린이공원 앞,서울특별시 노원구 섬밭로 241,20,37.63715,127.063271
노원구,1619, 중계동 하나프라자빌딩 앞(중1-1),서울특별시 노원구 한글비석로 235,10,37.649021,127.076408
노원구,1620, 중계동 노원구민체육센터 옆(중1-2),서울특별시 노원구 노원로22길 1,10,37.648209,127.070221
노원구,1623, 노원 구민회관,서울특별시 노원구 동일로 1229,20,37.638649,127.066292
노원구,1625, 상계역(4번출구),서울특별시 노원구 상계로 182,20,37.66,127.072968
노원구,1627, 수락산역 4번출구,서울특별시 노원구 동일로 지하 1662,14,37.676941,127.055099
노원구,1628, 노일초등학교 앞,서울특별시 노원구 동일로 1652,10,37.673618,127.055252
노원구,1630, 수연빌딩 앞,서울특별시 노원구 동일로 지하 1662,10,37.67625,127.055504
노원구,1634, 당고개공원 대여소,서울특별시 노원구 상계로 283,15,37.669079,127.077591
노원구,1635, 상계3.4동 주민센터 대여소,서울특별시 노원구 덕릉로131길 8,11,37.67271,127.08316
노원구,1636, 백병원 사거리 농협은행 앞,서울특별시 노원구 동일로 1351,10,37.649212,127.061768
노원구,1637, KT 노원점 건물 앞,서울특별시 노원구 노해로 489,15,37.654701,127.0634
노원구,1639, 희성오피앙,서울특별시 노원구 동일로 1701,10,37.680313,127.055069
노원구,1640, 한내근린공원 북측,서울특별시 노원구 마들로 86,10,37.623863,127.068489
노원구,1641, 한내근린공원 남측,서울특별시 노원구 마들로 86,15,37.621555,127.069511
노원구,1642, 서울여대 남문,서울특별시 노원구 화랑로51길 38,7,37.625435,127.088493
노원구,1643, 태릉입구역 8번출구,서울특별시 노원구 공릉동 687-6,10,37.617367,127.075211
노원구,1646, 삼육대 입구,서울특별시 노원구 공릉동 26-43,20,37.638489,127.107903
노원구,1650, 중계근린공원내,서울특별시 노원구 중계동 506-3,20,37.63958,127.065102
노원구,1651, 맥도날드 상계점 앞,서울특별시 노원구 상계동 1118-9,20,37.672375,127.055992
노원구,1652, 파르코 앞,서울특별시 노원구 상계동 1263,10,37.68,127.05558
노원구,1654, 당고개입구 오거리,서울특별시 노원구 상계동 172-2,15,37.663792,127.075447
노원구,1655, 공릉1단지아파트,서울특별시 동일로 1127,15,37.631111,127.07016
노원구,1656, 중앙하이츠 아파트 입구,서울특별시 노원구 노원로 428,10,37.654999,127.067436
노원구,1657, 노원구청 ,서울특별시 노원구 노해로 437 ,10,37.654049,127.057327
노원구,1659, 중계동 을지중학교,서울특별시 노원구 중계동 370,10,37.65033,127.071602
노원구,1660, 서울시립과학관,서울특별시 노원구 하계동 266,8,37.642071,127.076622
노원구,1661, 당현천근린공원,서울특별시 노원구 동일로 1342,10,37.649639,127.065605
노원구,1663, 동해문화예술관앞,서울특별시 노원구 화랑로 429,20,37.619381,127.057854
노원구,1664, 노해근린공원내,서울특별시 노원구 노원로22길 1,10,37.649361,127.070442
노원구,1666, 노원소방서인근,서울특별시 노원구 노원로26길 111,10,37.655781,127.071777
노원구,1667, 중계중학교,서울특별시 노원구 덕릉로76길 23,10,37.654499,127.074387
노원구,1669, 중계역 3번출구,서울특별시 노원구 동일로 지하 1308-1,10,37.643757,127.064987
노원구,1671, 인덕대학교,서울특별시 노원구 초안산로 12,15,37.629349,127.054825
노원구,1674, 서울북부고용센터앞,서울특별시 노원구 노해로 450,15,37.653549,127.058083
노원구,1677, 육군사관학교  앞,서울특별시 노원구 화랑로 570,10,37.623165,127.0905
노원구,1681, 현대6차 아파트,서울특별시 노원구 중계로8길 20,12,37.645802,127.08226
노원구,1682, 중계종합사회복지관 교차로,서울특별시 노원구 덕릉로 662,13,37.656799,127.077606
도봉구,1702, 녹천역 1번출구 앞,서울특별시 도봉구 덕릉로 376,10,37.646172,127.05056
도봉구,1703, 도봉산광역환승센터앞 ,서울특별시 도봉구 도봉로 955,15,37.68972,127.045197
도봉구,1705, 도봉구청 정문앞,서울특별시 도봉구 마들로 656,15,37.669224,127.046516
도봉구,1706, 기업은행 앞,서울특별시 도봉구 도봉로 683,10,37.665665,127.042671
도봉구,1707, 도봉구민회관,서울특별시 도봉구 도봉로 552,15,37.654461,127.038513
도봉구,1708, 보건소사거리(다비치안경창동점),서울특별시 도봉구 해등로 150,8,37.65683,127.039848
도봉구,1709, 쌍문역4번출구 주변,서울특별시 도봉구 도봉로 지하 486-1,15,37.650127,127.035347
도봉구,1712, 창동역공영주차장앞,서울특별시 도봉구 마들로11길 74,15,37.654049,127.050201
도봉구,1713, 쌍문동 청소년 랜드,서울특별시  도봉구 노해로140,10,37.647266,127.025879
도봉구,1714, 도봉문화정보도서관 삼거리,서울특별시 도봉구 덕릉로 315,10,37.64463,127.044609
도봉구,1715, 서울특별시교육청도봉도서관,서울특별시 도봉구 삼양로556,20,37.653179,127.012787
도봉구,1716, 하나로마트 창동점,서울특별시 도봉구 마들로11길 20,10,37.654202,127.050728
도봉구,1717, 시립창동운동장 입구,서울특별시 도봉구 창동 1-24,15,37.655708,127.050102
도봉구,1719, 신도봉사거리 버스정류장,서울특별시  도봉구 도봉로 771,10,37.673283,127.043991
도봉구,1720, 도봉구청 옆(중랑천변),서울특별시 도봉구 마들로 656,20,37.668671,127.047981
도봉구,1721, 창동역 2번출구 ,서울특별시 창동 74-2 ,12,37.653015,127.046997
도봉구,1722, 창동청소년수련관,서울특별시 도봉구 노해로69길 132,15,37.657799,127.050049
도봉구,1723, 방학동학마을도서관,서울특별시 도봉구 시루봉로 128,10,37.662079,127.027718
도봉구,1727, 서울도봉초등학교인근,서울특별시 도봉구 도봉로173길 96,15,37.678677,127.040764
동대문구,600,휘경2동 주민센터,서울특별시 동대문구 한천로 329,10,37.589912,127.06868
동대문구,601,용신동주민센터,서울특별시 동대문구 용두동 65-25,10,37.575947,127.037361
동대문구,602,장안동 사거리,서울특별시 동대문구 장한로 25길 2,10,37.572174,127.071388
동대문구,604,답십리초등학교 옆 공원,서울특별시 동대문구 전농로3길 23,15,37.569656,127.055962
동대문구,605,신설동역8번출구,서울특별시 동대문구 천호대로 26,8,37.5742,127.026497
동대문구,606,휘경공고앞,서울특별시 동대문구 겸재로 21,6,37.584625,127.07029
동대문구,607,신이문역 2번출구,서울특별시 동대문구 이문동186-1,10,37.602711,127.067863
동대문구,608,전농삼성아파트,서울특별시 동대문구 전농로 192,10,37.58131,127.055344
동대문구,609,제기2교,서울특별시 동대문구 제기동122-388,20,37.587791,127.037361
동대문구,610,동대문중 교차로,서울특별시 동대문구 답십리동 524-1,10,37.573086,127.052162
동대문구,612,시립동부병원 앞 사거리,서울특별시 동대문구 용두동 237-10 ,20,37.573666,127.030815
동대문구,613,신설동역 10번출구 앞,서울특별시 동대문구 신설동 92-34,10,37.575272,127.023468
동대문구,614,용두동 사거리,서울특별시 동대문구 용두동 237-10,20,37.577686,127.031013
동대문구,615,용두동 레미안허브리츠아파트 앞,서울특별시 동대문구 용두동 696-13 ,20,37.576382,127.03511
동대문구,616,서울시립대 앞,서울특별시 동대문구 전농동 135-5,20,37.582561,127.054367
동대문구,617,청솔우성아파트 앞,서울특별시 동대문구 답십리동 94-2 ,20,37.574203,127.057693
동대문구,621,동대문중학교 옆,서울특별시 동대문구 사가정로 62,15,37.574718,127.053391
동대문구,622,전농사거리 교통섬,서울특별시 동대문구 사가정로 119,15,37.577793,127.057831
동대문구,623,서울시립대 정문 앞,서울특별시 동대문구 서울시립대로 161,20,37.583698,127.053856
동대문구,624,전농동 동아아파트 앞,서울특별시 동대문구 서울시립대로 31,10,37.574188,127.045891
동대문구,625,답십리초등학교 앞(현대시장 옆),서울특별시 동대문구 전농로 34,9,37.568192,127.057175
동대문구,626,군자교 서측 녹지대,서울특별시 동대문구 장한로6길 95,10,37.561153,127.070969
동대문구,627,장안동삼거리 교통섬,서울특별시 동대문구 사가정로 240,10,37.578632,127.071907
동대문구,628,휘봉고등학교 앞,서울특별시 동대문구 한천로 290,15,37.586815,127.067543
동대문구,630,동대문구 보건소,서울특별시 동대문구 천호대로 145,15,37.574852,127.040306
동대문구,631,답십리역 1번출구,서울특별시 동대문구 천호대로 269,15,37.568184,127.051277
동대문구,633,청량리 기업은행 앞,서울특별시 동대문구 홍릉로 1,8,37.580406,127.044823
동대문구,634,외국어대 정문 앞,서울특별시 동대문구 이문로 107,20,37.59602,127.05983
동대문구,635,시조사 앞 (청량고정문 옆),서울특별시 동대문구 이문로1길 11,12,37.587517,127.052773
동대문구,636,세종대왕기념관 교차로,서울특별시 동대문구 회기로 56,10,37.5909,127.042587
동대문구,637,KAIST 경영대학 앞,서울특별시 동대문구 회기로 85,10,37.591614,127.045792
동대문구,638,서울시립대 정보기술관,서울특별시 동대문구 한천로43길 12-14,20,37.583008,127.060974
동대문구,639,서울시립대 후문,서울특별시 동대문구 한천로43길 12-14,14,37.585197,127.060951
동대문구,640,KEB하나은행 청량리역지점,서울특별시 동대문구 왕산로 205,6,37.582455,127.044495
동대문구,641,용두역 4번출구,서울특별시 동대문구 청계천로 563,10,37.573753,127.038536
동대문구,642,신답역 사거리,서울특별시 동대문구 천호대로 231,7,37.570156,127.048584
동대문구,643,동대문구민체육센터 (육교아래),서울특별시 동대문구 장안벚꽃로 77,10,37.566971,127.074417
동대문구,647,신이문역 1번출구,서울특별시 동대문구 신이문로 44,10,37.602798,127.067268
동대문구,651,우리은행청량리지점앞,서울특별시 동대문구 왕산로 239,10,37.582748,127.048279
동작구,2002, 노들역 1번출구,서울특별시 동작구 노량진로 지하 238,10,37.512959,126.952072
동작구,2003, 사육신공원앞,서울특별시 동작구 노량진로 191,10,37.513359,126.948059
동작구,2007, 유한양행앞,서울특별시 동작구 노량진로 74,20,37.512939,126.934242
동작구,2008, 노량진근린공원 대방공원,서울특별시 동작구 여의대방로44길 20,10,37.509369,126.92807
동작구,2009, 보라매역 8번출구,서울특별시 동작구 상도로 지하 2,10,37.500076,126.921082
동작구,2013, 장승배기역 5번출구,서울특별시 동작구 상도로 지하 188,30,37.505852,126.939362
동작구,2015, 신대방삼거리역 6번출구쪽,서울특별시 동작구 상도로 지하 76,10,37.499855,126.929565
동작구,2016, 신대방삼거리역 3번출구쪽,서울특별시 동작구 상도로 지하 76,10,37.499645,126.927094
동작구,2020, 장승배기역2번출구뒷편쪽,서울특별시 동작구 상도로 지하 188,10,37.504498,126.938988
동작구,2024, 상도역 1번출구,서울특별시 동작구 상도로 지하 272,10,37.502178,126.948204
동작구,2025, 흑석역 1번출구,서울특별시 동작구 현충로 지하 90,15,37.50938,126.963615
동작구,2026, 흑석역 4번출구,서울특별시 동작구 현충로 지하 90,10,37.509056,126.963249
동작구,2028, 남성역 2번출구 뒷편,서울특별시 동작구 사당로 지하 218,10,37.48447,126.971428
동작구,2032, 이수역 11번출구쪽,서울특별시 동작구 사당로 지하 310,10,37.485508,126.981621
동작구,2033, 사당동 아르테스 웨딩앞,서울특별시 동작구 동작대로 지하 3,10,37.481491,126.981583
동작구,2034, 사당역 7번출구쪽,서울특별시 동작구 동작대로 지하 3,20,37.476891,126.980576
동작구,2036, 정금마을 마을버스정류장,서울특별시 서초구 동작대로 198,20,37.494705,126.982391
동작구,2037, 동작역 5번출구 동작주차공원,서울특별시 동작구 현충로 지하 220,20,37.503189,126.97715
동작구,2038, 동작역 7번출구,서울특별시 동작구 현충로 지하 220,10,37.503181,126.976089
동작구,2040, 비계 버스정류소,서울특별시 동작구 현충로 151,10,37.506359,126.969078
동작구,2041, 사당중학교 버스정류소,서울특별시 동작구 사당로 169,10,37.486835,126.968048
동작구,2048, 삼일초등학교 인근,서울특별시 동작구 사당로23나길 27,10,37.488453,126.974213
동작구,2050, 노량진역 5번출구,서울특별시 동작구 노량진로 지하 130,10,37.513248,126.939972
동작구,2054, 삼익아파트,서울특별시 동작구 만양로 84,10,37.510548,126.944847
동작구,2056, 동작구민 체육센터,서울특별시 동작구 여의대방로16길 53,10,37.494499,126.916527
동작구,2057, 상도 아이파크 아파트,서울특별시 동작구 장승배기로 26,10,37.500881,126.94175
동작구,2058, 노량진동 맥도널드앞,서울특별시 동작구 노량진동 113-7 ,10,37.513523,126.943527
동작구,2065, 서울시여성가족재단,서울특별시 동작구 여의대방로54길 18,15,37.51199,126.927086
마포구,101,(구)합정동 주민센터,서울특별시 마포구 동교로8길 58,5,37.549561,126.905754
마포구,102,망원역 1번출구 앞,서울특별시 마포구 월드컵로 72,20,37.556,126.910454
마포구,103,망원역 2번출구 앞,서울특별시 마포구 월드컵로 79,14,37.554951,126.910835
마포구,104,합정역 1번출구 앞,서울특별시 마포구 양화로 59,13,37.550629,126.914986
마포구,105,합정역 5번출구 앞,서울특별시 마포구 양화로 48,5,37.550007,126.914825
마포구,106,합정역 7번출구 앞,서울특별시 마포구 독막로 4,10,37.548645,126.912827
마포구,107,신한은행 서교동금융센터점 앞,서울특별시 마포구 월드컵북로 35,5,37.55751,126.918503
마포구,108,서교동 사거리,서울특별시 마포구 양화로 93,10,37.552746,126.918617
마포구,109,제일빌딩 앞,서울특별시 마포구 어울마당로 26,10,37.547691,126.919983
마포구,111,상수역 2번출구 앞,서울특별시 마포구 와우산로 40,10,37.547871,126.923531
마포구,112,극동방송국 앞,서울특별시 마포구 와우산로 56,10,37.549202,126.923203
마포구,113,홍대입구역 2번출구 앞,서울특별시 마포구 양화로 165,25,37.557499,126.923805
마포구,114,홍대입구역 8번출구 앞,서울특별시 마포구 양화로18길 3,15,37.55706,126.924423
마포구,118,광흥창역 2번출구 앞,서울특별시 마포구 독막로 지하165,10,37.547733,126.931763
마포구,119,서강나루 공원,서울특별시 마포구 창전로 30,10,37.545284,126.931053
마포구,120,신수동 사거리,서울특별시 마포구 토정로 211,5,37.545242,126.934113
마포구,121,마포소방서 앞,서울특별시 마포구 창전로 76,15,37.549767,126.933174
마포구,122,신성기사식당 앞,서울특별시 마포구 독막로 223-1,10,37.547249,126.939293
마포구,124,서강대 정문 건너편,서울특별시 마포구 서강로16길 72,20,37.55114,126.936989
마포구,125,서강대 남문 옆,서울특별시 마포구 백범로 35,15,37.549484,126.93895
마포구,126,서강대 후문 옆,서울특별시 마포구 대흥로 122,20,37.550411,126.943848
마포구,127,현대벤처빌 앞,서울특별시 마포구 백범로 10,15,37.55352,126.936951
마포구,129,신촌역(2호선) 6번출구 옆,서울특별시 마포구 신촌로 106,15,37.555054,126.937569
마포구,130,신촌역(2호선) 7번출구 앞,서울특별시 마포구 신촌로 94,10,37.554859,126.936157
마포구,136,대흥동 주민센터,서울특별시 마포구 신촌로26길 10,7,37.555691,126.942451
마포구,142,아현역 4번출구 앞,서울특별시 마포구 아현동 329-15,11,37.557201,126.955666
마포구,143,공덕역 2번출구,서울특별시 마포구 공덕동 257-88,9,37.544579,126.950218
마포구,144,공덕역 8번출구,서울특별시 마포구 공덕동 438-5,10,37.543579,126.951324
마포구,145,공덕역 5번출구,서울특별시 마포구 공덕동 237-9,9,37.54425,126.951637
마포구,146,마포역 1번출구 뒤,서울특별시 마포구 도화동 555-2,12,37.539936,126.945824
마포구,147,마포역 4번출구 뒤,서울특별시 마포구 도화동 292-29,7,37.539272,126.945915
마포구,148,용강동 주민센터 앞,서울특별시 마포구 용강동 234-1,11,37.542347,126.943024
마포구,150,서강대역 2번출구 앞,서울특별시 마포구 노고산동 112-13,15,37.552956,126.934341
마포구,151,망원1동주민센터,서울특별시 마포구 망원동 403-2,10,37.555687,126.905548
마포구,152,마포구민체육센터 앞,서울특별시 마포구 망원동 452-4,30,37.55661,126.898018
마포구,153,성산2교 사거리,서울특별시 마포구 성산동 54-17,12,37.564697,126.912613
마포구,154,마포구청역 ,서울특별시 마포구 망원동 477-23,13,37.560909,126.905495
마포구,155,가좌역1 번출구 뒤,서울특별시 마포구 성산동123-29,15,37.56855,126.914513
마포구,156,서울서부지방법원 앞,서울특별시 마포구 공덕동 105-11,10,37.549904,126.955147
마포구,157,애오개역 4번출구 앞,서울특별시 마포구 아현동 607-1,12,37.553001,126.956688
마포구,181,망원초록길 입구,서울특별시 마포구 마포나루길 467,15,37.551342,126.902672
마포구,182,망원2빗물펌프장 앞,서울특별시?마포구?동교로?7,10,37.551567,126.902847
마포구,183,하늘채코오롱아파트 건너편,서울특별시 마포구 연남로 30,15,37.565166,126.919395
마포구,184,SK망원동주유소 건너편,서울특별시 마포구 월드컵로 119?,9,37.558949,126.907753
마포구,185,마포 신수공원 앞,서울특별시 마포구 현석동 106-32,15,37.542545,126.934296
마포구,186,월드컵공원,서울특별시 마포구 하늘공원로 108-1,40,37.563965,126.898209
마포구,199,서울 월드컵 경기장,서울특별시 마포구 성산동 515,30,37.566845,126.896446
마포구,400,상암한화오벨리스크 1차 앞,서울특별시 마포구 구룡길 19,15,37.587524,126.883003
마포구,401,상암월드컵파크 10단지 앞,서울특별시 마포구 월드컵북로 502-36,15,37.586189,126.881615
마포구,402,상암월드컵파크 9단지 앞,서울특별시 마포구 월드컵북로 501,20,37.582855,126.879822
마포구,403,부엉이공원 앞,서울특별시 마포구 가양대로 189,20,37.58559,126.884727
마포구,405,DMC빌 앞,서울특별시 마포구 월드컵북로60길 13,8,37.582657,126.885788
마포구,406,상암월드컵파크 7단지 앞,서울특별시 마포구 상암산로1길 92,15,37.581314,126.880585
마포구,407,마포구 육아종합지원센터,서울특별시 마포구 상암산로1길 71,8,37.580631,126.883675
마포구,408,LG CNS앞,서울특별시 마포구 월드컵북로 424,20,37.580811,126.88665
마포구,409,누리꿈스퀘어 옆,서울특별시 마포구 월드컵북로 396,25,37.579399,126.88916
마포구,410,상암중학교 옆,서울특별시 마포구 상암산로1길 26,10,37.577496,126.887772
마포구,411,DMC홍보관,서울특별시 마포구 월드컵북로 366,9,37.577995,126.891472
마포구,412,DMC산학협력연구센터 앞,서울특별시 마포구 매봉산로 37,20,37.575802,126.890739
마포구,413,상암월드컵파크 3단지 후문,서울특별시 마포구 매봉산로 8,9,37.571476,126.889687
마포구,414,상암동주민센터 옆,서울특별시 마포구 매봉산로2길 16,8,37.57822,126.89447
마포구,415,DMC역 9번출구 앞,서울특별시 마포구 성암로 지하184,10,37.577469,126.897362
마포구,416,상암월드컵파크 1단지 교차로,서울특별시 마포구 월드컵북로 502-7,12,37.575665,126.894447
마포구,417,DMC역 2번출구 옆,서울특별시 은평구 수색로 지하175,20,37.575069,126.899918
마포구,418,월드컵경기장역 3번출구 옆,서울특별시 마포구 월드컵로 지하240,10,37.570721,126.898979
마포구,419,홈플러스 앞,서울특별시 마포구 월드컵로 240,21,37.56842,126.899429
마포구,420,서울시 공공자전거 상암센터,서울특별시 마포구 월드컵북로47길 10,40,37.566246,126.896179
마포구,421,마포구청 앞,서울특별시 마포구 월드컵로 212,8,37.565903,126.901184
마포구,422,문화비축기지,서울특별시 마포구 증산로 87,13,37.569084,126.894424
마포구,427,성산시영아파트,서울특별시 마포구 월드컵북로 260,10,37.569584,126.903816
서대문구,110,사천교,서울특별시 서대문구 홍제천로 11,20,37.568199,126.917847
서대문구,115,사루비아 빌딩 앞,서울특별시 서대문구 연희로 6,15,37.558933,126.927116
서대문구,116,일진아이윌아파트 옆,서울특별시 서대문구 동교로 290,5,37.564541,126.927071
서대문구,117,홍은사거리,서울특별시 서대문구 통일로 483,25,37.59116,126.94133
서대문구,123,문화촌 공원,서울특별시 서대문구 홍제동 277-23,20,37.59433,126.947388
서대문구,128,신촌역(2호선) 1번출구 옆,서울특별시 서대문구 연세로 3-5,20,37.555496,126.93634
서대문구,131,증산2교,서울특별시 서대문구 증가로 264,23,37.584171,126.911102
서대문구,132,창천문화공원,서울특별시 서대문구 연세로5나길 19,15,37.556789,126.935883
서대문구,133,해담는다리,서울특별시 서대문구 불광천길 150,15,37.582031,126.908997
서대문구,134,연세로 명물길,서울특별시 서대문구 명물길 33,8,37.557892,126.93808
서대문구,137,NH농협 신촌지점 앞,서울특별시 서대문구 연세로2다길 58,10,37.556812,126.943184
서대문구,138,신촌동 제1공영주차장 앞,서울특별시 서대문구 증가로 264,10,37.559177,126.934525
서대문구,139,연세대 정문 건너편,서울특별시 서대문구 연세로 42,13,37.559795,126.934479
서대문구,140,이화여대 후문,서울특별시 서대문구 연세로 50-1,20,37.560009,126.940735
서대문구,141,연대 대운동장 옆,서울특별시 서대문구 연세로 50,20,37.562382,126.932648
서대문구,158,독립문 어린이 공원,서울특별시 서대문구 영천동 259-1,15,37.571259,126.96048
서대문구,159,이대역 4번 출구,서울특별시 서대문구 대현동 60-11,7,37.556953,126.946342
서대문구,160,북아현동 가구거리,서울특별시 서대문구 북아현동 251-78,20,37.557549,126.959381
서대문구,161,무악재역1번 출구,서울특별시 서대문구 통일로 380-4,8,37.582245,126.950645
서대문구,162,봉원고가차도 밑,서울특별시 서대문구 대신동 143-1,15,37.565269,126.946243
서대문구,163,명지전문대학교 정문 앞,서울특별시 서대문구 홍은동 산25-3,7,37.583698,126.924965
서대문구,164,북가좌1동 주민센터 ,서울특별시 서대문구 북가좌동 477-1,10,37.574478,126.910049
서대문구,165,중앙근린공원,서울특별시 서대문구 북가좌동 470-1,20,37.575138,126.91394
서대문구,166,가재울 초등학교,서울특별시 서대문구 연희동 530,20,37.573277,126.919678
서대문구,167,연가초등학교 옆,서울특별시 서대문구 북가좌동 70-119,15,37.57946,126.91713
서대문구,168,남가좌동 사거리,서울특별시 서대문구 남가좌동 185-21,20,37.574821,126.918053
서대문구,169,북가좌 삼거리,서울특별시 서대문구 북가좌동 400,15,37.573002,126.907799
서대문구,170,가재울 뉴타운 주유소 옆,서울특별시 서대문구 남가좌동 124,10,37.573112,126.922447
서대문구,172,서대문소방서,서울특별시 서대문구 연희로 182,8,37.573254,126.935722
서대문구,173,서대문역 8번출구 앞,서울특별시 서대문구 충정로2가 138,8,37.564777,126.966148
서대문구,174,명지대학교 학생회관,서울특별시 서대문구 거북골로 34,10,37.580589,126.923447
서대문구,175,홍연2교옆,서울특별시 서대문구 홍은동 387-16,20,37.578072,126.930817
서대문구,176,명지대학교 도서관,서울특별시 서대문구 거북골로 34,10,37.581097,126.924026
서대문구,177,북가좌 초등학교,서울특별시 서대문구 거북골로19길 20,8,37.577675,126.909805
서대문구,178,증산3교 앞,서울특별시 서대문구 북가좌동 352-9,10,37.579876,126.906349
서대문구,179,가좌역 4번출구 앞,서울특별시 서대문구 남가좌동 293-3 ,15,37.569122,126.914795
서대문구,180,충정로역 7번출구 뒤,서울특별시 서대문구 충정로3가 56-1,10,37.559967,126.962463
서대문구,188,홍은동 정원여중 입구,서울특별시 서대문구 연희로37안길 51,10,37.586388,126.935127
서대문구,191,정명학원,서울특별시 서대문구 응암로 66,10,37.578892,126.910736
서대문구,192,연서어린이공원,서울특별시 서대문구 연희동 519-7,10,37.572227,126.923065
서대문구,194,증산교 앞,서울특별시 서대문구 불광천길 36,10,37.577316,126.902969
서대문구,195,모래내고가차도 ,서울특별시 서대문구 연희동 446-76,10,37.567657,126.917809
서대문구,196,연희교차로 인근,서울특별시 서대문구 홍제천로 48,10,37.56612,126.925896
서대문구,198,충정2교,서울특별시 서대문구 충정로3가 155-4,15,37.562138,126.963776
서대문구,3101, 서대문구청,서울특별시 서대문구 연희로 242,13,37.578381,126.936096
서대문구,3102, 연희삼거리,서울특별시 서대문구 연희로 113,10,37.567966,126.931725
서초구,2201, 본마을 정류소 앞,서울특별시 서초구 본마을2길 2,20,37.453281,127.051483
서초구,2202,청계산입구역 1번출구,서울특별시 서초구 청계산로 지하 179,20,37.448936,127.054375
서초구,2203, 청계산입구역 2번출구,서울특별시 서초구 청계산로 지하 179,20,37.447659,127.055016
서초구,2205, 내곡3단지 어린이공원 앞,서울특별시 서초구 청계산로9길 76,15,37.453751,127.05938
서초구,2206, 언남초등학교 앞,서울특별시 서초구 헌릉로8길 42,20,37.454399,127.062309
서초구,2207, 내곡파출소 뒤 정자,서울특별시 서초구 헌릉로 226,9,37.454407,127.064926
서초구,2210, 반포1동 주민센터 앞,서울특별시 서초구 사평대로 지하 285,15,37.505096,127.013107
서초구,2211, 서초구립반포도서관 앞,서울특별시 서초구 고무래로 34,10,37.502636,127.012314
서초구,2212,서초현대4차아파트 201동 맞은편,서울특별시 서초구 고무래로 94,20,37.500961,127.017929
서초구,2213, 고속터미널역 5번출구 앞,서울특별시 서초구 신반포로 지하 188,20,37.502232,127.002258
서초구,2214, 신반포역 2번출구 앞,서울특별시 서초구 신반포로 지하 105,15,37.504116,126.99749
서초구,2215, 반포종합운동장 입구,서울특별시 서초구 신반포로16길 30,10,37.501713,126.995476
서초구,2219,고속터미널역 8-1번 8-2번 출구 사이,서울특별시 서초구 신반포로 지하 188,20,37.506199,127.003944
서초구,2220, 반포본동 주민센터 앞,서울특별시 서초구 신반포로 10,10,37.500614,126.98616
서초구,2221,하나은행 방배동지점 앞,서울특별시 서초구 방배로 110,15,37.485611,126.994682
서초구,2222,사당역 12번출구 뒤,서울특별시 동작구 동작대로 지하 3,10,37.478069,126.982033
서초구,2223, 방배래미안 정문 앞,서울특별시 서초구 남부순환로 2183,20,37.47261,126.983009
서초구,2224, 방배경찰서 민원봉사실 앞,서울특별시 서초구 방배천로 54,15,37.481293,126.982483
서초구,2225,백석예술대학교 제3캠퍼스 앞,서울특별시 서초구 방배로9길 23,15,37.473759,126.995247
서초구,2226, 신동아럭스빌아파트 앞,서울특별시 서초구 방배로1길 9,15,37.475182,127.001389
서초구,2227,방배열린문화센터 앞,서울특별시 서초구 서초대로 지하 103,15,37.489052,126.992523
서초구,2228,뒷벌공원 옆,서울특별시 서초구 방배중앙로 131,20,37.489586,126.986725
서초구,2229,로고스교회 맞은 편,서울특별시 서초구 방배천로 126,10,37.487011,126.984962
서초구,2230,이수역 4번 출구,서울특별시 동작구 사당로 지하 310,20,37.485828,126.982628
서초구,2231, 삼성타운(삼성생명) A동 맞은편,서울특별시 서초구 서초대로 405,15,37.496914,127.024963
서초구,2233, 서초신동아1차아파트 옆,서울특별시 서초구 효령로36길 22,20,37.491112,127.022957
서초구,2235,KT 서초지사 앞,서울특별시 서초구 사평대로 73,15,37.482159,127.002701
서초구,2237,서울남부터미널 대합실 입구,서울특별시 서초구 서초중앙로 지하 31,20,37.484558,127.01487
서초구,2239,교대역 6번출구,서울특별시 서초구 서초대로 지하 294,10,37.494217,127.013786
서초구,2241,양재전화국 사거리,서울특별시 강남구 논현로 201,10,37.485378,127.041702
서초구,2242,양재역 11번 출구 앞,서울특별시 서초구 남부순환로 지하 2585,20,37.48399,127.03418
서초구,2243,서울가정법원,서울특별시 서초구 강남대로 193,15,37.481491,127.036728
서초구,2244,교육개발원입구 교차로,서울특별시 서초구 바우뫼로1길 35,20,37.477852,127.03891
서초구,2245,양재초등학교 맞은편,서울특별시 서초구 바우뫼로18길 14,20,37.473614,127.03051
서초구,2246, 서울시 품질시험소 앞,서울특별시 서초구 태봉로 131,15,37.4692,127.029007
서초구,2247,섬들근린공원,서울특별시 서초구 태봉로2길 24,25,37.462639,127.026619
서초구,2248, 서초리슈빌S 글로벌 앞,서울특별시 서초구 양재대로2길 8,10,37.459953,127.024742
서초구,2249, 우솔초등학교 맞은편,서울특별시 서초구 양재대로2길 74,10,37.456234,127.019348
서초구,2250, 서초유치원 맞은편,서울특별시 서초구 양재대로2길 74,10,37.455799,127.016289
서초구,2251, 더케이호텔 입구(양재2) ,서울특별시 서초구 바우뫼로12길 70,10,37.467506,127.034477
서초구,2252, 하이브랜드 앞,서울특별시 서초구 매헌로 16,25,37.463322,127.036041
서초구,2255,시민의숲역 1번출구 옆,서울특별시 서초구 매헌로 지하 116,25,37.47044,127.038857
서초구,2256,양재동 꽃시장 입구,서울특별시 서초구 강남대로 27,10,37.46769,127.040359
서초구,2257, 하나로클럽 양재점 맞은편,서울특별시 서초구 청계산로 10,10,37.462688,127.046112
서초구,2258,구룡사 삼거리,서울특별시 강남구 논현로2길 22,20,37.471539,127.050591
서초구,2259, 잠원역 3번-4번 출구사이 ,서울특별시 서초구 잠원로4길 지하 46,15,37.512989,127.011177
서초구,2262, 한신16차아파트 119동 앞,서울특별시 서초구 나루터로4길 60,20,37.516598,127.00959
서초구,2263, 바우뫼문화복지회관,서울특별시 서초구 바우뫼로 43,20,37.471928,127.02684
서초구,2264, 이수역 1번출구,서울특별시 서초구 동작대로 134,9,37.488556,126.982574
서초구,2265, 이수고가차도 남단,서울특별시 서초구 동작대로 196,25,37.494106,126.982994
서초구,2266, 서초역 3번출구,서울특별시 서초동 1748-14,15,37.49054,127.008163
서초구,2268, 서초4동주민센터 ,서울특별시 서초동 1389,10,37.502319,127.02227
서초구,2269, 주홍교 하부,서울특별시 잠원동 91-29,10,37.510349,127.016052
서초구,2271, 내방역 8번출구 앞,서울특별시 서초구 방배로 162,8,37.487865,126.994293
서초구,2272, 교대입구 교차로,서울특별시 서초동 1748-33,10,37.487309,127.010582
서초구,2273, 일동제약 사거리,서울특별시 양재동 67-12,10,37.477829,127.038269
서초구,2274, 양재시민의숲역 3번출구,서울특별시 양재동 316-11,10,37.46965,127.039612
서초구,2275, 염곡치안센터 건너편,서울특별시 염곡동 260-1,10,37.461578,127.048798
서초구,2276, 영동1교 (양재천근린공원),서울특별시 양재동 261-23,15,37.474388,127.038902
서초구,2277, 길마중4교 하부,서울특별시 잠원동 84-3,10,37.51487,127.015282
서초구,2279, 교대역 5번출구뒤,서울특별시 서초구 서초중앙로 130,10,37.493618,127.014183
서초구,2281, 연세사랑병원신관앞,서울특별시 서초구 효령로 10,7,37.475979,126.986282
서초구,2282, 방배래미안아트힐 101동앞,서울특별시 서초구 남부순환로 2311-12,15,37.477203,127.005836
서초구,2283, 그룹한빌딩옆,서울특별시 서초구 서초대로 62,10,37.486526,126.989166
서초구,2284, CJ오쇼핑앞,서울특별시 서초구 과천대로 870-13,10,37.468102,126.986801
서초구,2286, 탑성마을입구,서울특별시 서초구 탑성말길 2,10,37.458549,127.055885
서초구,2287, 능안마을입구,서울특별시 서초구 능안말길 1-2,10,37.45562,127.067101
서초구,2288, 안골마을입구,서울특별시 서초구 안골2길 3,10,37.455608,127.064453
서초구,2289, 남태령역 2번출구,서울특별시 서초구 과천대로 810,10,37.464298,126.988525
서초구,2292, 무지개아파트 앞,서울특별시 서초구 효령로 391,15,37.488243,127.027016
서초구,2293, SPC 앞,서울특별시 서초구 남부순환로 2620,10,37.484798,127.036995
서초구,2294, 두상빌딩 앞,서울특별시 서초구 언남길 87,15,37.475906,127.046242
서초구,2298, 래미안서초스위트앞,서울특별시 서초구 서운로 221,12,37.502411,127.021606
성동구,3511, 응봉역 1번출구,서울특별시 성동구 고산자로 123,15,37.55125,127.035103
성동구,3513, 상왕십리역 1번출구,서울특별시 성동구 하왕십리동 860-1 ,10,37.56461,127.029198
성동구,3514, 왕십리교회옆,서울특별시 성동구 상왕십리동 350-1 ,10,37.566261,127.023697
성동구,3519, 용답역 1번 출구,서울특별시 성동구 용답길 86,10,37.562607,127.051308
성동구,3522, 사근삼거리,서울특별시 성동구 사근동10길 7,9,37.561245,127.048851
성동구,506,금호 어울림 아파트 앞,서울특별시 성동구 광나루로 249,7,37.549061,127.057793
성동구,507,성수아이에스비즈타워 앞,서울특별시 성동구 성수이로 147,7,37.548203,127.057114
성동구,508,성수아카데미타워 앞,서울특별시 성동구 성수이로 118,10,37.545166,127.05751
성동구,509,이마트 버스정류소 옆,서울특별시 성동구 뚝섬로 379,20,37.539654,127.052589
성동구,510,서울숲 남문 버스정류소 옆,서울특별시 성동구 왕십리로11길 9,10,37.541222,127.0438
성동구,511,서울숲역 4번 출구 옆,서울특별시 성동구 왕십리로 지하77,16,37.544582,127.044609
성동구,512,뚝섬역 1번 출구 옆,서울특별시 성동구 아차산로 18,15,37.548561,127.045006
성동구,513,뚝섬역 5번 출구 정류소 옆,서울특별시 성동구 아차산로 18,8,37.546307,127.049805
성동구,514,성수사거리 버스정류장 앞,서울특별시 성동구 아차산로 171,7,37.54258,127.063309
성동구,518,청계천 박물관 앞,서울특별시 성동구 마장동 610,20,37.571526,127.035355
성동구,519,양지사거리,서울특별시 성동구 홍익동 590,20,37.566994,127.029915
성동구,520,상왕십리역 4번 출구 앞,서울특별시 성동구 하왕십리동 960-3,10,37.563858,127.030319
성동구,521,왕십리역 11번 출구 앞,서울특별시 성동구 행당동 188-9,14,37.561447,127.03492
성동구,522,금호역 1번출구 앞,서울특별시 성동구 금호동3가 1575-3,9,37.548641,127.016426
성동구,523,옥수동성당 옆,서울특별시 성동구 옥수동 산5-148,11,37.543663,127.014061
성동구,524,래미안금호하이리버 아파트 102동 옆,서울특별시 성동구 금호동2가 1220-1,10,37.5522,127.025055
성동구,525,한양대병원사거리,서울특별시 성동구 행당동 20-2,20,37.558052,127.040352
성동구,526,용답토속공원 앞,서울특별시 성동구 용답동 224-1,10,37.563511,127.056725
성동구,529,장한평역 8번 출구 앞,서울특별시 성동구 용답동 224-3,15,37.561371,127.06366
성동구,530,청계벽산아파트 앞,서울특별시 성동구 하왕십리동 286-24,9,37.568748,127.030403
성동구,533,우리은행 금호동 지점 앞,서울특별시 성동구 금호동4가 1101,7,37.548149,127.021088
성동구,534,금호사거리,서울특별시 성동구 금호동2가 1205-1,20,37.548634,127.025726
성동구,535,응봉삼거리,서울특별시 성동구 응봉동 134-26,16,37.553986,127.033592
성동구,536,행당역 2번출구 앞,서울특별시 성동구 행당동 347-11,8,37.55735,127.029213
성동구,537,한양대후문역 부근,서울특별시 성동구 행당동 10,10,37.560356,127.041397
성동구,538,답십리역 8번출구 앞,서울특별시 성동구 용답동 102-1,15,37.56765,127.051155
성동구,550,서울시설공단 앞,서울특별시 성동구 마장동 610 ,15,37.57164,127.03566
성동구,556,달맞이공원,서울특별시 성동구 금호동4가 367-1,20,37.542053,127.020401
성동구,557,도선동 주민센터 앞,서울특별시 성동구 무학로10길 6,10,37.567642,127.025696
성동구,558,성동광진 교육지원청 앞,서울특별시 성동구 고산자로 260,20,37.564606,127.036522
성동구,559,왕십리역 4번 출구 건너편,서울특별시 성동구 왕십리광장로 10-1,10,37.561096,127.036797
성동구,560,비전교회 앞,서울특별시 성동구 동일로 213,8,37.551205,127.068932
성동구,561,서울숲역 2번출구 앞,서울특별시 성동구 왕십리로 64,10,37.542816,127.04467
성동구,562,군자지하보도 앞,서울특별시 성동구 동일로 313,10,37.559246,127.07341
성동구,563,성동세무서 건너편,서울특별시 성동구 광나루로 302,10,37.547913,127.062752
성동구,564,금호역 3번출구,서울특별시 성동구 동호로 99,15,37.547928,127.015572
성동구,565,옥수역 3번출구,서울특별시 성동구 한림말길 56,20,37.541363,127.017662
성동구,567,성수역 2번출구 앞,서울특별시 성동구 아차산로 113,15,37.54459,127.057083
성동구,568,청계8가사거리 부근,서울특별시 동대문구 청계천로 417,10,37.571102,127.02356
성동구,569,응봉현대아파트 정류소,서울특별시 성동구 독서당로 381,10,37.549583,127.030243
성동구,578,성동세무서 부근,서울특별시 성동구 광나루로 303-1,8,37.548286,127.062088
성동구,579,마장역 4번출구,서울특별시 성동구 마장로 292-1,8,37.565205,127.041847
성동구,580,신금호역 3번출구 뒤,서울특별시 성동구 무수막길 97,6,37.55439,127.020149
성동구,581,용답초등학교,서울특별시 성동구 용답25길 1,13,37.561012,127.054237
성동구,582,경일중학교 앞,서울특별시 성동구 성수일로 27,10,37.543179,127.04908
성동구,583,청계천 생태교실 앞,서울특별시 성동구 마장로39길 51,20,37.56797,127.04689
성동구,585,성수2가1동 공영주차장 인근,서울특별시 성동구 성수동2가 569-3,9,37.536808,127.055489
성동구,586,마장동 주민센터,서울특별시 성동구 마장로42길 14,10,37.565941,127.045395
성동구,587,KEB하나은행 성수중앙지점,서울특별시 성동구 성수동2가 276-5,10,37.545418,127.052643
성동구,589,성수역3번출구,서울특별시 성동구 아차산로 100,8,37.544159,127.056656
성동구,594,중랑물재생센터(서울새활용플라자),서울특별시 성동구 자동차시장길 49,15,37.558365,127.056908
성북구,1302, 한성대입구역6번출구 뒤,서울특별시 성북구 동소문로 1,5,37.588764,127.00631
성북구,1303, 돈암초교 입구,서울특별시 성북구 동소문로13길 38,10,37.591694,127.012497
성북구,1304, 만해공원,서울특별시 성북구 성북로 132-1,15,37.594402,126.99231
성북구,1305, 성북구청,서울특별시 성북구 보문로 168,10,37.589329,127.016434
성북구,1306, 한성대입구역2번출구,서울특별시 성북구 동소문로 2,10,37.588448,127.006706
성북구,1308, 안암로터리 버스정류장 앞,서울특별시 성북구 안암로 69,10,37.582592,127.028976
성북구,1313, 정릉현대힐스테이트 1차 후문,서울특별시 성북구 정릉로27가길 28-2,10,37.603249,127.014648
성북구,1314, 정릉꿈에그린1단지 201동 앞,서울특별시 성북구 아리랑로19길 20,10,37.60244,127.011688
성북구,1316, 고려사대부속중고 건너편 ,서울특별시 성북구 보국문로29길 23,20,37.607262,127.002838
성북구,1317, 정릉동 교통광장,서울특별시 성북구 솔샘로17길 8,10,37.612774,127.006531
성북구,1318, 길음역 3번출구 뒤,서울특별시 성북구 동소문로 248,10,37.603085,127.024788
성북구,1319, 종암사거리 분수대,서울특별시 성북구 종암로 147,10,37.603043,127.033272
성북구,1320, 종암 농협지점 앞,서울특별시 성북구 종암로 88,10,37.59827,127.035027
성북구,1321, 국민은행 종암동지점 앞,서울특별시 성북구 종암로3길 37-2,15,37.593288,127.036667
성북구,1322, 래미안라센트아파트 103동 앞,서울특별시 성북구 종암로3길 37-2,10,37.598068,127.039276
성북구,1323, 월곡역 입구 육교 밑,서울특별시 성북구 월곡로 지하 107,10,37.600433,127.040207
성북구,1325, 상월곡역 4번출구,서울특별시 성북구 화랑로 148,10,37.605808,127.047737
성북구,1326, 상월곡역 1번출구,서울특별시 성북구 화랑로 지하 157,10,37.606068,127.047318
성북구,1327, 상월곡역 3번출구,서울특별시 성북구 화랑로 지하 157,10,37.607342,127.050682
성북구,1328, 월곡역 3번출구,서울특별시 성북구 월곡로 지하 107,10,37.602627,127.041634
성북구,1332, 석계역 5번출구 건너편,서울특별시 노원구 화랑로 지하 347-1,10,37.613556,127.066093
성북구,1333, 석관초등학교 앞,서울특별시 성북구 돌곶이로22길 21,15,37.610523,127.059799
성북구,1334, 석관동주민센터 앞,서울특별시 성북구 화랑로 296,10,37.612999,127.06131
성북구,1336, 성북3교 위,서울특별시 성북구 보문로 192,20,37.591251,127.014008
성북구,1337, 돈암성당 옆,서울특별시 성북구 인촌로7길 120,10,37.590382,127.017136
성북구,1338, 용문2교 옆,서울특별시 성북구 인촌로7길 24,15,37.586899,127.020752
성북구,1339, 삼성전자서비스 성북센터,서울특별시 성북구 월계로 28,9,37.610569,127.033508
성북구,1340, 광운초등학교 앞,서울특별시 성북구 한천로 693,8,37.61956,127.053802
성북구,1342, 성북쉼터 앞,서울특별시 성북구 성북로21길 32,15,37.592617,126.997932
성북구,1343, 한성대7번출구 앞,서울특별시 성북구 동소문로 11,10,37.589249,127.007378
성북구,1344, 아리랑시네센터 앞,서울특별시 성북구 아리랑로 82,10,37.600288,127.013702
성북구,1346, 길음8골어린이공원 옆,서울특별시 성북구 길음로13길 22,15,37.608978,127.020248
성북구,1347, 길음래미안아파트817동 상가 앞,서울특별시 성북구 길음로 33,20,37.607105,127.0215
성북구,1348, 성북제일새마을금고 본점 앞,서울특별시 성북구 길음로 20,12,37.604752,127.022758
성북구,1349, 월계2교 버스정류장 앞,서울특별시 성북구 한천로101길 18,10,37.623829,127.050201
성북구,1351, SK제삼주유소 앞,서울특별시 성북구 안암로 17,8,37.579449,127.024193
성북구,1352, e 편한세상 보문아파트 내,서울특별시 성북구 낙산길 255,8,37.583881,127.017097
성북구,1353, 금호어울림센터힐 내,서울특별시 성북구 동소문로34길 73,8,37.60083,127.023552
성북구,1357, 북한산보국문역,서울특별시 성북구 보국문로 91,20,37.612072,127.008133
성북구,1358, 정릉도서관 앞,서울특별시 성북구 보국문로 7-10,10,37.60479,127.010582
성북구,1359, 장위뉴타운 꿈에 숲 코오롱 하늘채 앞,서울특별시 성북구 월계로 172,20,37.619801,127.045097
송파구,1201, 가락시장역 3번 출구,서울특별시 송파구 송파대로 지하 257,10,37.493179,127.118546
송파구,1203, 밀리아나2빌딩 앞,서울특별시 송파구 송파대로28길 24,20,37.493729,127.120621
송파구,1204, 거여역 3번출구,서울특별시 송파구 오금로 지하 499,10,37.493343,127.14473
송파구,1205, 종합운동장역 4번출구,서울특별시 송파구 올림픽로 8,15,37.510429,127.071373
송파구,1206, 9호선종합운동장역 9번출구,서울특별시 송파구 올림픽로 지하 23,20,37.51128,127.078239
송파구,1207, 마천CU우방점 앞,서울특별시 송파구 성내천로 233,10,37.499756,127.152504
송파구,1208, 풍납현대아파트쉼터,서울특별시 송파구 풍성로14길 19,20,37.529675,127.119789
송파구,1209, 잠실나루역 (2번 출구 쪽),서울특별시 송파구 오금로 20,20,37.520451,127.104202
송파구,1210, 롯데월드타워(잠실역2번출구 쪽),서울특별시 송파구 올림픽로 293-19,30,37.513126,127.10096
송파구,1211, 방이삼거리,서울특별시 송파구 석촌호수로 298,7,37.512104,127.10778
송파구,1212, 송파역 2번 출구앞,서울특별시 송파구 송파대로 지하 354,10,37.499413,127.112869
송파구,1213, 백토공원 앞,서울특별시 송파구 양재대로72길 47-8,20,37.50766,127.132736
송파구,1214, 오금역 7번 출구 인근,서울특별시 송파구 오금로 지하 321,10,37.502594,127.127647
송파구,1215, 올림픽공원역 1번출구 앞,서울특별시 송파구 양재대로 지하 1233,15,37.516571,127.131538
송파구,1217, 송파파인타운 7단지,서울특별시 송파구 충민로4길 19,15,37.479271,127.129578
송파구,1218, 방이역 4번출구,서울특별시 송파구 양재대로 지하 1127,12,37.508968,127.125839
송파구,1220, 잠실본동주민센터뒤 잠실근린공원,서울특별시 송파구 백제고분로15길 7,15,37.505692,127.084038
송파구,1221, 삼전사거리 포스코더샵,서울특별시 송파구 백제고분로 188,10,37.5042,127.087532
송파구,1222, 잠실새내역 5번 출구 뒤,서울특별시 송파구 백제고분로 95,15,37.511982,127.085052
송파구,1224, 아시아지하보도 2번 출구,서울특별시 송파구 올림픽로 74,15,37.512169,127.078934
송파구,1226, 잠실4동 주민센터 옆,서울특별시 송파구 올림픽로35길 16,10,37.520077,127.112366
송파구,1227, 거여역 8번출구 뒤,서울특별시 송파구 오금로 지하 499,10,37.493126,127.143822
송파구,1228, 마천사거리 ,서울특별시 송파구 거마로 51,10,37.4977,127.146202
송파구,1229, 송파체육문화회관 앞,서울특별시 송파구 양산로 15,15,37.490688,127.143127
송파구,1230, 송파중학교 정문,서울특별시 송파구 동남로 203,10,37.49567,127.130592
송파구,1231, 잠실역 6번출구,서울특별시 송파구 석촌호수로12길 3-5,10,37.514088,127.09903
송파구,1232, 롯데마트 주차장 옆,서울특별시 송파구 석촌호수로12길 3-19,10,37.512089,127.096191
송파구,1233, 잠실3거리(갤러리아팰리스),서울특별시 송파구 석촌호수로12길 3-17,9,37.510509,127.093369
송파구,1235, 잠실트리지움310동 옆,서울특별시 송파구 잠실로 62,15,37.508339,127.088142
송파구,1239, 문정 법조단지3,서울특별시 송파구 정의로 30,20,37.480843,127.118011
송파구,1240, 문정 법조단지4,서울특별시 송파구 새말로 62,10,37.480576,127.118568
송파구,1241, 문정 법조단지5,서울특별시 송파구 새말로 62,15,37.481239,127.119797
송파구,1242, 문정 법조단지6,서울특별시 송파구 법원로 101,15,37.48209,127.119743
송파구,1243, 문정 법조단지7,서울특별시 송파구 법원로 101,20,37.484531,127.120163
송파구,1244, 문정 법조단지8,서울특별시 송파구 법원로 101,7,37.481537,127.122124
송파구,1245, 문정 법조단지9,서울특별시 송파구 법원로 101,10,37.479465,127.125328
송파구,1246, 문정 법조단지10,서울특별시 송파구 송파대로 지하 82,30,37.477509,127.126328
송파구,1247, 문정 법조단지11,서울특별시 송파구 법원로 101,15,37.478821,127.123512
송파구,1248, 방이초등학교,서울특별시 송파구 위례성대로 114,20,37.513962,127.121674
송파구,1249, 아주중학교건너편,서울특별시 송파구 도곡로 446,10,37.505463,127.077347
송파구,1250,문정2동 주민센터,서울특별시 송파구 중대로 16,10,37.490047,127.110748
송파구,1251, 석촌역 2번출구,서울특별시 송파구 송파동 68 ,10,37.505932,127.10775
송파구,1253, 오금역 3번 출구 뒤,서울특별시  송파구 가락동 10-15 ,10,37.501652,127.128181
송파구,1256, 문정현대아파트 교차로,서울특별시 송파구 문정동 3-2 ,8,37.491131,127.125809
송파구,1257, 가락시장역 롯데마트앞,서울특별시 송파구 가락동 214-15 ,20,37.4921,127.117752
송파구,1258, 가락미륭아파트 앞,서울특별시 서울 송파구 가락동 195-4,10,37.493198,127.128998
송파구,1259, 방이역 1번출구,서울특별시 송파구 오금동 17-20,15,37.508984,127.126595
송파구,1260, 방이동 한양3차아파트 옆,서울특별시 송파구 방이동 225-1,8,37.506302,127.121399
송파구,1262, 송파여성문화회관 앞,서울특별시 송파구 송파동 2-3 ,10,37.505802,127.109718
송파구,1263, 장지공영차고지,서울특별시 송파구 장지동 861-6,10,37.480541,127.137016
송파구,1264, 천호역 10번 출구 앞,서울특별시 송파구 풍납동 490-16,8,37.538582,127.122803
송파구,1265, 문정동 근린공원,서울특별시 송파구 문정동 38-3,10,37.486149,127.124802
송파구,1267, 올림픽공원 남2문 앞,서울특별시 송파구 올림픽로 424,15,37.51424,127.12307
송파구,1269, 리센츠아파트 ,서울특별시 송파구 올림픽로 135,10,37.511944,127.091217
송파구,1271, 송파도서관,서울특별시 송파구 동남로 263,15,37.499985,127.135391
송파구,1274, 영파여고 앞,서울특별시 송파구 올림픽로 565,20,37.532848,127.121048
송파구,1275, 거여초등학교 옆,서울특별시 송파구 마천로25길 18,15,37.504589,127.139366
송파구,1277, 오금동 송파 참병원,서울특별시 송파구 마천로 164,8,37.503757,127.137093
송파구,1279, 마천금호어울림 1차아파트 건너편,서울특별시 송파구 성내천로39길 4,10,37.497517,127.154678
양천구,700,KB국민은행 염창역 지점 앞,서울특별시 양천구 목동 559,20,37.546848,126.872772
양천구,701,목동사거리 부근,서울특별시 양천구 목동 813,8,37.532803,126.86393
양천구,702,목4동주민센터 옆,서울특별시 양천구 목동 904-3,16,37.532543,126.868729
양천구,703,오목교역 7번출구 앞,서울특별시 양천구 목동 451,12,37.524063,126.87558
양천구,704,남부법원검찰청 교차로,서울특별시 양천구 신정동 1095,15,37.523254,126.864906
양천구,706,신정네거리역,서울특별시 양천구 신월동 894,15,37.521881,126.851753
양천구,707,신정3동주민센터,서울특별시 양천구 중앙로 209,10,37.515156,126.854897
양천구,708,서울출입국관리사무소 앞,서울특별시 양천구 신정동 319-3,16,37.51897,126.869965
양천구,709,신정3동 현장민원실 앞,서울특별시 양천구 신정동 760-2,20,37.511585,126.84156
양천구,710,서부화물트럭터미널 사거리,서울특별시 양천구 신정동 759-2,12,37.510658,126.842537
양천구,711,신일해피트리아파트 앞,서울특별시 양천구 신월동 1063-4,20,37.517059,126.848488
양천구,712,강월초교입구 사거리,서울특별시 양천구 신월동 905,14,37.516998,126.838318
양천구,713,양서중학교 옆,서울특별시 양천구 신월동 790,20,37.533047,126.829956
양천구,714,한국SGI 양천문화회관 앞,서울특별시 양천구 신월동 790,10,37.532547,126.830803
양천구,716,정6동 주민센터 인근,서울특별시 양천구 목동서로 355,15,37.517281,126.864334
양천구,719,홍익병원앞 교차로,서울특별시 양천구 등촌로 2,10,37.530369,126.864258
양천구,720,서울강월초등학교 앞,서울특별시 양천구 신월로 97,10,37.516197,126.8349
양천구,722,LG전자베스트샵 신정점 ,서울특별시 양천구 신월로 328,10,37.521435,126.857384
양천구,723,SBS방송국,서울특별시 양천구 목동서로161,15,37.529163,126.872749
양천구,724,계남공원 입구 주출입구 좌측,서울특별시 양천구 신정동 621-14,15,37.510681,126.857399
양천구,725,양강중학교앞 교차로,서울특별시 양천구 남부순환로88길5-16,15,37.524334,126.850548
양천구,729,서부식자재마트 건너편,서울특별시 양천구 신정동 236 ,10,37.51038,126.866798
양천구,731,서울시 도로환경관리센터,서울특별시 양천구 목동동로 316-6,10,37.5299,126.876541
양천구,732,신월동 이마트,서울특별시 양천구 화곡로 59,10,37.539551,126.8283
양천구,733,신정이펜하우스314동,서울특별시 양천구 신정이펜1로50 ,10,37.514099,126.831001
양천구,734,신트리공원 입구,서울특별시 양천구 신정동 310-8 ,10,37.51395,126.856056
양천구,736,오솔길공원,서울특별시 양천구 남부순환로70길11-9,10,37.52219,126.8367
양천구,739,신월사거리,서울특별시 양천구 신월동 263,15,37.536201,126.827797
양천구,740,으뜸공원,서울특별시 양천구 가로공원로 133,10,37.536369,126.831711
양천구,741,화곡로 입구 교차로,서울특별시 양천구 신월동 258,10,37.53952,126.825401
양천구,742,등촌역 5번 출구 뒤,서울특별시 양천구 등촌로 236,10,37.550732,126.864578
양천구,743,현대6차아파트 101동 옆,서울특별시 양천구 신정동 735-5,10,37.5089,126.842682
양천구,744,신목동역 2번 출구,서울특별시 양천구 목동중앙로 212 앞,10,37.543842,126.882545
양천구,745,강서초등학교,서울특별시 양천구 오목로 31 부근,10,37.522282,126.839699
양천구,746,목동2단지 상가,서울특별시  양천구 목동 902-5 ,10,37.536503,126.877747
양천구,747,목동3단지 상가,서울특별시 양천구 목동 903-6,10,37.53458,126.875648
양천구,748,목동운동장,서울특별시 양천구 안양천로 939,15,37.530251,126.879303
영등포구,200,국회의원회관,서울특별시 영등포구 의사당대로 1,20,37.528728,126.914925
영등포구,201,진미파라곤 앞,서울특별시 영등포구 국회대로76길 10,15,37.531239,126.921333
영등포구,202,국민일보 앞,서울특별시 영등포구 여의공원로 101,15,37.528816,126.92453
영등포구,203,국회의사당역 3번출구 옆,서울특별시 영등포구 국회대로 지하758,15,37.528057,126.918701
영등포구,204,국회의사당역 5번출구 옆,서울특별시 영등포구 의사당대로 8,13,37.528164,126.917023
영등포구,205,산업은행 앞,서울특별시 영등포구 의사당대로 97,20,37.526264,126.920509
영등포구,206,KBS 앞,서울특별시 영등포구 여의공원로 13,20,37.524666,126.918022
영등포구,207,여의나루역 1번출구 앞,서울특별시 영등포구 여의동로 지하343,40,37.526989,126.932098
영등포구,209,유진투자증권빌딩 앞,서울특별시 영등포구 국제금융로 24,12,37.524612,126.927834
영등포구,210,IFC몰,서울특별시 영등포구 국제금융로 10,12,37.526066,126.925537
영등포구,211,여의도역 4번출구 옆,서울특별시 영등포구 국회대로68길 7,13,37.522228,126.924637
영등포구,212,여의도역 1번출구 옆,서울특별시 영등포구 의사당대로 88,35,37.521362,126.923462
영등포구,213,KT앞,서울특별시 영등포구 여의대로 38,15,37.521908,126.918953
영등포구,214,금융감독원 앞,서울특별시 영등포구 여의대로 38,20,37.523022,126.920837
영등포구,215,여의도고교 앞,서울특별시 영등포구 국제금융로7길 37,10,37.524837,126.934906
영등포구,216,삼부아파트1동 앞,서울특별시 영등포구 국제금융로7길 27,10,37.523491,126.932899
영등포구,217,NH농협은행 앞,서울특별시 영등포구 국제금융로8길 2,10,37.522079,126.930367
영등포구,218,증권거래소 앞,서울특별시 영등포구 여의나루로 76,20,37.523277,126.929237
영등포구,219,롯데캐슬엠파이어 옆,서울특별시 영등포구 의사당대로 127,12,37.520695,126.925835
영등포구,220,미성아파트 A동 앞,서울특별시 영등포구 의사당대로 110,30,37.519363,126.926048
영등포구,221,여의도초교 앞,서울특별시 영등포구 여의대방로 439,10,37.522675,126.93779
영등포구,222,시범아파트버스정류장 옆,서울특별시 영등포구 63로 45,12,37.520271,126.938881
영등포구,223,진주아파트상가 앞,서울특별시 영등포구 국제금융로 108-6,20,37.519314,126.933167
영등포구,224,롯데캐슬 앞,서울특별시 영등포구 국제금융로 86,20,37.520088,126.932365
영등포구,225,앙카라공원 앞,서울특별시 영등포구 의사당대로 지하166,26,37.517368,126.929253
영등포구,226,샛강역 1번출구 앞,서울특별시 영등포구 의사당대로 지하166,20,37.517765,126.928413
영등포구,227,양평2나들목 보행통로 입구,서울특별시 영등포구 양화동 17-4,10,37.544666,126.888359
영등포구,228,선유도역 3번출구 앞,서울특별시 영등포구 양평동4가 202-1,10,37.53846,126.894508
영등포구,229,양평1 보행육교 앞,서울특별시 영등포구 양평동4가 20-4,20,37.535873,126.892181
영등포구,230,영등포구청역 1번출구,서울특별시 영등포구 당산로 111-2,10,37.524635,126.896217
영등포구,231,남부고용노동지청 남측,서울특별시 영등포구 양평동1가 115-2,10,37.524506,126.891823
영등포구,232,양평우림 이비즈센타 앞,서울특별시 영등포구 양평동3가 14-1,20,37.52565,126.887817
영등포구,233,YP 센터 앞,서울특별시 영등포구 양평동3가 60-1,10,37.528488,126.891647
영등포구,234,영등포구민체육센터 앞,서울특별시 영등포구 신길동 399 ,10,37.500462,126.905846
영등포구,235,신길동 우리은행 옆,서울특별시 영등포구 신길동 250-4 ,10,37.504566,126.910233
영등포구,236,문래동자이아파트 앞,서울특별시 영등포구 문래동3가 68-1,10,37.516155,126.894615
영등포구,237,보라매 두산위브 건너편,서울특별시 영등포구 신길동 4490 ,20,37.496513,126.914803
영등포구,238,제2구민체육센타 앞,서울특별시 영등포구 당산동4가 96-2,10,37.526386,126.902756
영등포구,239,유스호스텔 앞,서울특별시 영등포구 영등포동7가 58-2,20,37.525852,126.903282
영등포구,240,문래역 4번출구 앞,서울특별시 영등포구 문래동3가 55-12 ,10,37.518738,126.895576
영등포구,241,신길우성1차아파트 앞 공원,서울특별시 영등포구 도림동 255-2 ,10,37.505329,126.898483
영등포구,242,신길선원가와인아파트 앞,서울특별시 영등포구 신길동 215-28 ,15,37.510933,126.910225
영등포구,243,이앤씨드림타워 앞,서울특별시 영등포구 양평동3가 48-1,15,37.527084,126.89138
영등포구,244,영등포삼환아파트 앞,서울특별시 영등포구 영등포동8가 82-4 ,20,37.530079,126.905708
영등포구,245,삼성생명 당산사옥 앞,서울특별시 영등포구 당산동4가 35-24 ,10,37.528263,126.896629
영등포구,247,당산역 10번출구 앞,서울특별시 영등포구 당산동5가 14-4,19,37.533688,126.902107
영등포구,248,초원아파트 앞,서울특별시 영등포구 여의도동8-13,10,37.531055,126.92421
영등포구,249,여의도중학교 옆,서울특별시 영등포구 여의도동 8,8,37.52412,126.936546
영등포구,250,대림아파트 사거리,서울특별시 영등포구 신길동 249,10,37.507641,126.92308
영등포구,251,서울지방병무청 버스정류장,서울특별시 영등포구 신길동853,10,37.504494,126.921951
영등포구,252,보라매역4번출구,서울특별시 영등포구 신길동4884,10,37.499977,126.920036
영등포구,253,신풍역 5번출구 인근,서울특별시 영등포구 신길동3596,10,37.500648,126.909515
영등포구,254,도림신협 앞,서울특별시 영등포구 신길동263-76,10,37.503803,126.903419
영등포구,255,도림4거리,서울특별시 영등포구 신길동373-1,10,37.506573,126.901131
영등포구,256,동아에코빌입구,서울특별시 영등포구 도림동 159-70,10,37.509476,126.8993
영등포구,257,신길삼거리(우리은행),서울특별시 영등포구 신길동95-256,10,37.513844,126.919357
영등포구,258,신길역3번출구,서울특별시 영등포구 영등포동1가35,14,37.517693,126.914299
영등포구,259,대방역6번출구,서울특별시 영등포구 신길동1368,17,37.513592,126.925934
영등포구,262,영문초등학교 사거리,서울특별시 영등포구 문래로 56,12,37.519928,126.889183
영등포구,263,근로자회관 사거리,서울특별시 영등포구 선유로 34,12,37.517151,126.888626
영등포구,264,교보생명보험 앞,서울특별시 영등포구 영등포로 96,15,37.521931,126.891617
영등포구,265,영등포유통상가 사거리,서울특별시 영등포구 영등포로 124,15,37.521133,126.896538
영등포구,266,영등포청과시장 사거리,서울특별시 영등포구 영등포로 177,10,37.520447,126.901093
영등포구,267,삼성화재 사옥 옆,서울특별시 영등포구 양평로 76,10,37.535961,126.8983
영등포구,268,그랜드컨벤션센터 앞,서울특별시 영등포구 양평로 58,10,37.534718,126.900002
영등포구,270,증권거래소후문교차로,서울특별시 영등포구 여의나루로 76,10,37.522343,126.927101
영등포구,271,샛강생태공원방문자센터 앞,서울특별시 영등포구 여의동로 48,10,37.518963,126.921616
영등포구,272,당산육갑문,서울특별시 영등포구 당산로52길 3,20,37.535339,126.903679
영등포구,274,영등포역지하쇼핑센타 5번출구,서울특별시 영등포구 경인로 846,10,37.516651,126.90799
영등포구,275,신동아아파트,서울특별시 영등포구 선유서로 76,10,37.522816,126.885651
영등포구,276,SK 영등포주유소,서울특별시 영등포구 경인로112길 1,10,37.518284,126.912636
영등포구,277,영등포뉴타운지하상가 2번게이트,서울특별시 영등포구 영중로 22,10,37.520119,126.905167
영등포구,278,쌍용플레티넘오피스텔,서울특별시 영등포구 도영로 18,10,37.507931,126.895233
영등포구,279,영등포 푸르지오 아파트,서울특별시 영등포구 도신로29길 28,15,37.513229,126.904465
용산구,800,목월공원 앞,서울특별시 용산구 원효로4가 109-10,15,37.532433,126.954742
용산구,802,한강진역 2번 출구 앞,서울특별시 용산구 한남동 726-494,10,37.541153,127.002213
용산구,803,한남초교 앞 보도육교,서울특별시 용산구 한남동 725-17,10,37.538139,127.004097
용산구,805,문배어린이공원 앞,서울특별시 용산구 문배동 34-10,9,37.536758,126.970001
용산구,806,전자랜드 본관 앞,서울특별시 용산구 한강로3가 16-8,20,37.533066,126.960732
용산구,807,서울역 12번 출구 앞,서울특별시 용산구 동자동 14-229,10,37.552277,126.972687
용산구,808,서빙고동 금호맨션 앞,서울특별시 용산구 서빙고동 235-5,10,37.520504,126.989738
용산구,809,한남 유수지 복개주차장,서울특별시 용산구 독서당로 18,10,37.530167,127.007439
용산구,810,이태원지하보도,서울특별시 용산구 용산동2가 5-1812,10,37.53841,126.986649
용산구,811,녹사평역1번출구,서울특별시 용산구 용산동2가 6-7,20,37.53508,126.985382
용산구,812,용산전쟁기념관,서울특별시 용산구 용산동1가 8-4,20,37.53484,126.977661
용산구,813,삼각지역 3번출구,서울특별시 용산구 한강로1가 228-1,20,37.533512,126.972275
용산구,815,LIG강촌아파트 103동앞,서울특별시 용산구 이촌동301-5,20,37.518509,126.978798
용산구,816,신용산역 6번출구 앞,서울특별시 용산구 한강대로 115,10,37.530148,126.968483
용산구,817,삼각지역 4번출구 앞,서울특별시 용산구 한강대로 161,9,37.533451,126.971733
용산구,818,숙명여대 입구 교차로,서울특별시 용산구 청파로47길 100,15,37.544895,126.969383
용산구,819,선린인터넷 고등학교,서울특별시 용산구 원효로97길 33-4,12,37.541653,126.970505
용산구,820,청파동입구 교차로,서울특별시 용산구 한강대로 349,10,37.549026,126.971947
용산구,822,이촌1동 마을공원,서울특별시 용산구 이촌로 219,10,37.522041,126.965523
용산구,823,효창동주민센터 앞,서울특별시 용산구 효창원로 161,10,37.54232,126.96196
용산구,825,서빙고동 주민센터 앞,서울특별시 용산구 서빙고로 279,15,37.520336,126.994263
용산구,826,서울역 서부교차로2,서울특별시 용산구 만리재로 202,20,37.555367,126.968643
용산구,827,국군복지단,서울특별시 용산구 두텁바위로 54-99,20,37.541885,126.97966
용산구,828,숙대입구역 8번,서울특별시 용산구 한강대로 289,7,37.544079,126.972
용산구,829,베르가모앞,서울특별시 용산구 한강대로 23,20,37.52293,126.961693
용산구,830,청암자이아파트앞,서울특별시 용산구 원효로 35,10,37.534424,126.94857
용산구,832,이촌1동 주민센터 뒤,서울특별시 용산구 이촌로71길 24,15,37.521282,126.973465
용산구,834,효창공원앞역 3번출구 뒤,서울특별시 용산구 백범로 지하 287,15,37.539009,126.96138
용산구,836,현대자동차서비스 앞,서울특별시 용산구 원효로 74,15,37.531422,126.9515
은평구,900,은평예술회관,서울특별시 은평구 녹번동 85-4,20,37.603943,126.927696
은평구,901,응암1동사무소,서울특별시 은평구 응암동 84-14,10,37.600975,126.926956
은평구,902,진관동 은빛초등학교,서울특별시 은평구 진관동 45-21,10,37.643108,126.918221
은평구,903,은평뉴타운 아이파크,서울특별시 은평구 진관동 13-20,20,37.645866,126.927391
은평구,904,은평뉴타운 푸르지오,서울특별시 은평구 진관동 5-8,18,37.648674,126.930702
은평구,905,구파발역 2번출구,서울특별시 은평구 진관동 86-31,11,37.636234,126.918999
은평구,906,연신내역 5번출구150M 아래,서울특별시 은평구 대조동 207-8,10,37.61721,126.919579
은평구,907,CJ 드림시티,서울특별시 은평구 역촌동 43-11,10,37.599491,126.916862
은평구,908,구산역 4번출구,서울특별시 은평구 갈현동 536-8,10,37.613186,126.917351
은평구,909,백련산 힐스테이트 3차,서울특별시 은평구 응암동 761-9,10,37.586994,126.922882
은평구,911,은평평화공원(역촌역4번출구),서울특별시 은평구 녹번동 153-31,10,37.605583,126.922935
은평구,912,응암오거리,서울특별시 은평구 응암동 604-5,10,37.589661,126.916946
은평구,913,이마트 은평점,서울특별시 은평구 응암동 90-15,15,37.6007,126.920128
은평구,914,새절역 2번출구,서울특별시 은평구 응암동 610-3,20,37.590797,126.913651
은평구,915,증산역 4번출구,서울특별시 은평구 증산동 199-8,10,37.584381,126.909897
은평구,916,평생학습관 앞,서울특별시 은평구 역촌동 15-40,7,37.607849,126.921326
은평구,917,녹번역 4번출구,서울특별시 은평구 녹번동 55,9,37.601299,126.935349
은평구,919,서울혁신파크,서울특별시 은평구 녹번동 15-2,10,37.607948,126.932503
은평구,921,신도고등학교,서울특별시 은평구 진관동 242-14,10,37.630016,126.919029
은평구,922,연신내역 4번출구,서울특별시 은평구 대조동 227-2,10,37.617802,126.921967
은평구,923,국민은행 연서지점,서울특별시 은평구 불광동 355,10,37.620949,126.925636
은평구,924,메뚜기다리,서울특별시 은평구 진관동 161-9,15,37.628517,126.929581
은평구,925,불광역 2번출구,서울특별시 은평구 불광동 285-43,8,37.609566,126.930977
은평구,926,불광역 8번출구,서울특별시 은평구 불광동 276-6,8,37.611179,126.929665
은평구,927,연신내역 3번출구 인근,서울특별시 은평구 불광동 304-5,10,37.617855,126.922523
은평구,928,은평역사한옥박물관,서울특별시 은평구 진관동 133-29,15,37.641315,126.938042
은평구,930,구 서부경찰서 건너편,서울특별시 은평구 역촌동 41-7,7,37.601662,126.920303
은평구,931,역촌파출소,서울특별시 은평구 역촌동 45-34,10,37.604736,126.915337
은평구,932,예일여중,서울특별시 은평구 연서로 117,10,37.610004,126.916397
은평구,933,LG서비스 역촌점,서울특별시 은평구 서오릉로 163,10,37.612484,126.914879
은평구,934,신사동 성당,서울특별시 은평구 신사동 41-3,15,37.597141,126.909599
은평구,935,역촌역 1번 출구,서울특별시 은평구 역촌동 17-55,7,37.605202,126.922112
은평구,937,상림마을 롯데캐슬2단지 옆,서울특별시 은평구 진관동 30-23,15,37.645851,126.923798
은평구,939,은평구청 교차로,서울특별시 응암동 82-31,15,37.6017,126.927422
은평구,941,은평뉴타운 도서관,서울특별시 진관동 141-27,13,37.63726,126.933701
은평구,942,상림마을 생태공원,서울특별시 진관동 16-4,15,37.644081,126.929283
은평구,943,은평구청 보건소,서울특별시 녹번동 84,10,37.602402,126.92865
은평구,945,기자촌 사거리,서울특별시 은평구 진관동 149-17,10,37.63414,126.932343
은평구,947,연신내 선일하이츠빌 정류소,서울특별시 불광동 484-165,10,37.622669,126.919991
은평구,948,디지털미디어 시티역 4번출구,서울특별시 증산동 239,10,37.577202,126.902351
은평구,949,연신내역 1번 출구 ,서울특별시 불광동 487-2,7,37.619781,126.920807
은평구,950,구산역 2번 출구 ,서울특별시 역촌동 1-57,7,37.610779,126.917351
은평구,952,서울연신중학교,서울특별시 불광동 400-4번지,10,37.62265,126.925247
은평구,953,서울연신초등학교,서울특별시 불광동 73-1번지 ,10,37.625778,126.928818
은평구,954,은평뉴타운구파발9단지,서울특별시 은평구 진관3로 77,10,37.642609,126.921478
은평구,956,응암시장교차로,서울특별시 은평구 응암로 248,9,37.594376,126.918159
종로구,301,경복궁역 7번출구 앞,서울특별시 종로구 사직로 지하130,16,37.575794,126.971451
종로구,302,경복궁역 4번출구 뒤,서울특별시 종로구 사직로 지하130,12,37.575947,126.97406
종로구,303,광화문역 1번출구 앞,서울특별시 종로구 세종대로 지하189,8,37.571732,126.974922
종로구,304,광화문역 2번출구 앞,서울특별시 종로구 세종대로 지하172,7,37.572487,126.977501
종로구,305,종로구청 옆,서울특별시 종로구 삼봉로 43,16,37.572582,126.978355
종로구,306,광화문역 7번출구 앞,서울특별시 종로구 세종대로 지하172,9,37.570808,126.976433
종로구,307,서울역사박물관 앞,서울특별시 종로구 새문안로 55,11,37.57,126.9711
종로구,308,광화문 S타워 앞,서울특별시 종로구 새문안로 82,10,37.569969,126.973938
종로구,309,광화문역 6번출구 옆,서울특별시 종로구 세종대로 지하172,13,37.569889,126.976456
종로구,314,국립현대미술관,서울특별시 종로구 삼청로 30,10,37.579708,126.980858
종로구,316,종각역 1번출구 앞,서울특별시 종로구 종로 47,12,37.570396,126.981789
종로구,326,안국역 5번출구 앞,서울특별시 종로구 율곡로 지하62,20,37.576241,126.98616
종로구,327,낙원상가 옆,서울특별시 종로구 삼일대로 428,10,37.573357,126.987465
종로구,328,탑골공원 앞,서울특별시 종로구 종로 99,11,37.570396,126.98819
종로구,329,청계2가 사거리 옆,서울특별시 종로구 청계천로 93,8,37.568344,126.987892
종로구,334,종로3가역 2번출구 뒤,서울특별시 종로구 종로 지하129,10,37.570599,126.991791
종로구,335,종로3가역 15번출구 앞,서울특별시 종로구 종로 지하129,10,37.570198,126.991257
종로구,337,창경궁 입구,서울특별시 종로구 창경궁로 185,5,37.578979,126.996475
종로구,338,세운스퀘어 앞,서울특별시 종로구 창경궁로 109,18,37.570957,126.997124
종로구,339,종로4가 사거리,서울특별시 종로구 종로 185,10,37.571068,126.998192
종로구,340,혜화동 로터리,서울특별시 종로구 창경궁로 271-1,8,37.585629,127.000679
종로구,341,혜화역 3번출구 뒤,서울특별시 종로구 대학로 지하120,10,37.58157,127.001785
종로구,342,대학로 마로니에공원,서울특별시 종로구 대학로 104,10,37.579784,127.002533
종로구,343,예일빌딩(율곡로) 앞,서울특별시 종로구 율곡로 238,12,37.575432,127.004982
종로구,344,성균관대 E하우스 앞,서울특별시 종로구 율곡로 259,10,37.574036,127.006721
종로구,345,서울보증보험본사 앞,서울특별시 종로구 김상옥로 29,15,37.573307,127.00071
종로구,348,독립문역 사거리,서울특별시 종로구 교북동 10-1,14,37.572029,126.960785
종로구,349,사직동주민센터,서울특별시 종로구 사직로9길 5,7,37.576332,126.96859
종로구,351,청운초교 앞 삼거리,서울특별시 종로구 청운동 108-22,8,37.585079,126.970619
종로구,352,중앙고입구 삼거리,서울특별시 종로구 창덕궁길 191,15,37.583416,126.985237
종로구,353,재동초교 앞 삼거리,서울특별시 종로구 재동 19,8,37.579388,126.984947
종로구,354,포르투갈 대사관 앞,서울특별시 종로구 창덕궁1길 3,10,37.579155,126.98896
종로구,355,서울사대부속초교 앞,서울특별시 종로구 연건동 178-3,15,37.576508,127.002457
종로구,356,KT혜화지사 앞,서울특별시 종로구 대학로 65,15,37.577145,127.00206
종로구,358,성대입구 사거리,서울특별시 종로구 창경궁로 234,13,37.5825,126.998535
종로구,359,원남동사거리,서울특별시 종로구 율곡로 169,8,37.576061,126.997681
종로구,361,동묘앞역 1번출구 뒤,서울특별시 종로구 숭인동 81-39,10,37.573242,127.015907
종로구,362,청계8가 사거리,서울특별시 종로구 청계천로 407,10,37.572224,127.022705
종로구,363,신설동역 11번출구 뒤,서울특별시 종로구 숭인동 1311,10,37.57576,127.022835
종로구,364,창신역 1번출구 앞,서울특별시 종로구 지봉로 87,8,37.579334,127.015083
종로구,367,독립문역 3-1번출구 ,서울특별시 종로구 무악동 41-7,8,37.573849,126.958694
종로구,368,SK 서린빌딩 앞,서울특별시 종로구 서린동 93-2,12,37.569248,126.980537
종로구,369,광화문 시민열린마당,서울특별시 종로구 세종로 76-5,20,37.575493,126.9785
종로구,385,종각역 5번출구,서울특별시 종로구 서린동 26-1,10,37.569836,126.982658
종로구,386,올림픽기념 국민생활관 앞,서울특별시 종로구 성균관로 91,10,37.590233,126.99852
종로구,388,동성중학교 앞,서울특별시 종로구 혜화동 56,10,37.585735,127.00161
종로구,446,상명대입구,서울특별시 종로구 홍지문길 1,10,37.600128,126.957832
종로구,447,신영동삼거리,서울특별시 종로구 진흥로 499,10,37.603992,126.961945
종로구,449,일성아파트,서울특별시 종로구 평창문화로 119,10,37.608719,126.972862
종로구,450,효자동 삼거리,서울특별시 종로구 효자로13길 45,15,37.583603,126.972549
종로구,451,청와대앞길,서울특별시 종로구 청와대로 73,13,37.583515,126.979668
중구,300,정동사거리,서울특별시 중구 정동길 2-1,7,37.56805,126.969231
중구,310,청계광장 옆,서울특별시 중구 세종대로 136,10,37.568878,126.97747
중구,311,서울광장 옆,서울특별시 중구 세종대로 지하 101,35,37.566612,126.97747
중구,312,시청역 1번출구 뒤,서울특별시 중구 세종대로 지하101,7,37.564674,126.976738
중구,313,서울역 광장 파출소 옆,서울특별시 중구 통일로 13,5,37.556961,126.971771
중구,318,광교사거리 남측,서울특별시 중구 청계천로 30,10,37.568527,126.982552
중구,320,을지로입구역 4번출구 앞,서울특별시 중구 을지로 55,20,37.566223,126.983589
중구,321,KEB 하나은행 본점 앞,서울특별시 중구 을지로 66,15,37.565464,126.984138
중구,322,명동성당 앞,서울특별시 중구 명동길 74,15,37.564476,126.986969
중구,324,신세계백화점 본점 앞,서울특별시 중구 퇴계로 77,10,37.56134,126.9804
중구,330,청계천 한빛광장,서울특별시 중구 남대문로10길 33,10,37.568165,126.984978
중구,331,을지로2가 사거리 북측,서울특별시 중구 을지로 79,10,37.566383,126.987206
중구,332,을지로2가 사거리 남측,서울특별시 중구 을지로 100,5,37.56599,126.987793
중구,336,티마크 호텔 앞,서울특별시 중구 충무로 15,10,37.562618,126.992836
중구,346,맥스타일 앞,서울특별시 중구 마장로 3,10,37.569183,127.00988
중구,347,동대문역사문화공원역 9번출구 앞,서울특별시 중구 장충단로 지하230,18,37.565331,127.007843
중구,370,시청역(2호선) 9번출구 뒤,서울특별시 중구 서소문로 지하127,8,37.563229,126.974838
중구,371,동대입구역 6번출구 뒤,서울특별시 중구 동호로 지하256,10,37.558872,127.005539
중구,372,약수역 3번출구 뒤,서울특별시 중구 다산로 지하122,10,37.554295,127.0112
중구,373,청구 어린이공원,서울특별시 중구 다산로14길 41,8,37.555859,127.013855
중구,374,청구역 2번출구 앞,서울특별시 중구 청구로 지하77,10,37.560474,127.014076
중구,375,다산 어린이공원,서울특별시 중구 다산로40길 37,8,37.563717,127.018425
중구,377,서울역 4번출구 앞,서울특별시 중구 세종대로 지하2,10,37.557217,126.973007
중구,378,청계7가 사거리,서울특별시 중구 다산로 지하260,10,37.569805,127.016953
중구,379,서울역9번출구,서울특별시 중구 세종대로 지하2,7,37.556,126.973358
중구,380,CJ제일제당 앞,서울특별시 중구 동호로 330,8,37.563866,127.002747
중구,381,장충체육관,서울특별시 중구 장충동2가 200-99,10,37.558533,127.006989
중구,382,약수역 10번출구 앞,서울특별시 중구 신당동 357-1,7,37.555199,127.010048
중구,383,신당역 12번 출구 뒤,서울특별시 중구 신당동 99,17,37.565849,127.016403
중구,384,종로학원본원 ,서울특별시 중구 청파로 456,10,37.55978,126.968506
중구,387,훈련원공원주차장 앞,서울특별시 중구 을지로 227,10,37.566994,127.003464
중구,389,을지로4가역 1번출구,서울특별시 중구 을지로 지하 178,10,37.56673,126.996605
중구,390,충무로역 1번출구,서울특별시 중구 퇴계로 212,10,37.56139,126.995354
중구,391,정동길입구,서울특별시 중구 세종대로19길 16,8,37.565437,126.973305
중랑구,1401, 극동늘푸른아파트,서울특별시 중랑구 동일로 941,15,37.614738,127.076363
중랑구,1402, 금란주차장 앞,서울특별시 중랑구 망우로 448,10,37.600071,127.102333
중랑구,1403, 중화빌딩 앞 (동부시장),서울특별시 중랑구 망우로 211,15,37.59425,127.076576
중랑구,1404, 동일로 지하차도,서울특별시 중랑구 망우로 233,10,37.595299,127.080032
중랑구,1405, 망우역 1번출구,서울특별시 중랑구 망우로55길 11-10,10,37.599098,127.092949
중랑구,1406, 망우청소년수련관,서울특별시 중랑구 송림길 156,10,37.606251,127.108269
중랑구,1407, 먹골역 1번출구 뒤,서울특별시 중랑구 공릉로 12,10,37.611511,127.077888
중랑구,1408, 먹골역 6번출구 앞,서울특별시 중랑구 동일로 지하 901,10,37.610722,127.077477
중랑구,1410, 면목 대원칸타빌아파트,서울특별시 중랑구 용마산로 285,10,37.577782,127.090187
중랑구,1411, 상봉시장앞 교차로 한성빌딩 앞,서울특별시 중랑구 면목로 456,10,37.592541,127.086739
중랑구,1412, 면목초등학교,서울특별시 중랑구 면목로 434,10,37.590961,127.087067
중랑구,1413, 봉화산역 5번출구 뒤,서울특별시 중랑구 신내로 지하 232,10,37.617561,127.090309
중랑구,1414, 사가정역 1번출구,서울특별시 중랑구 사가정로 지하 393,10,37.581646,127.088432
중랑구,1416, 상봉역 3번출구,서울특별시 중랑구 면목로 480,10,37.595219,127.085999
중랑구,1418, 새솔초등학교,서울특별시 중랑구 신내역로1길 164,15,37.617989,127.110542
중랑구,1420, 신내어울공원 앞,서울특별시 중랑구 신내로16길 17,15,37.614231,127.096764
중랑구,1421, 신내역 4번출구,서울특별시 중랑구 신내로 지하 232,20,37.612461,127.103378
중랑구,1422, 신내우디안아파트 1단지,서울특별시 중랑구 신내역로 213,10,37.620098,127.106461
중랑구,1424, 양원역 2번출구,서울특별시 중랑구 송림길 147,10,37.606312,127.107742
중랑구,1425, 용마문화복지센터,서울특별시 중랑구 용마산로86길 9-27,10,37.58746,127.09597
중랑구,1426, 면목도시개발아파트 1동 앞,서울특별시 중랑구 용마산로 지하 227,15,37.573589,127.086823
중랑구,1427, 용마산역 1번출구,서울특별시 중랑구 용마산로 지하 227,10,37.574299,127.086914
중랑구,1428, 원묵고등학교,서울특별시 중랑구 숙선옹주로 66,10,37.616024,127.085968
중랑구,1429, 장안중학교,서울특별시 중랑구 동일로 778,15,37.599957,127.080002
중랑구,1430, 중랑구청,서울특별시 중랑구 봉화산로 179,20,37.606152,127.092598
중랑구,1431, 중랑구청 사거리,서울특별시 중랑구 봉화산로 194,10,37.606499,127.095451
중랑구,1433, 중화역 2번출구,서울특별시 중랑구 동일로 지하 797,10,37.602077,127.079582
중랑구,1434, 홈플러스 면목동점,서울특별시 중랑구 사가정로 332,15,37.579868,127.082367
중랑구,1435, 능산삼거리,서울특별시 중랑구 용마산로 644,15,37.608681,127.100792
중랑구,1436, 영풍마드레빌,서울특별시 중랑구 용마산로129가길 41,15,37.605881,127.100632
중랑구,1437, 늘푸른공원 앞,서울특별시 중랑구 동일로 594,15,37.58342,127.079926
중랑구,1438, 홈플러스 신내점 앞,서울특별시 중랑구 신내로 지하 232,15,37.616169,127.093483
중랑구,1440, 하나은행 면목지점,서울특별시 중랑구 동일로 628,10,37.586372,127.08007
중랑구,1441, 신내능말공원,서울특별시 중랑구 용마산로136길 33,15,37.616711,127.110733
중랑구,1442, (구)신한은행 중랑교지점,서울특별시 중화동 50-8,8,37.598591,127.079819
중랑구,1443, 구립망우청소년독서실,서울특별시 중랑구 망우동 534-23 ,10,37.59552,127.098778
중랑구,1445, 용마지구대,서울특별시 면목동 197-5,10,37.579941,127.079399
중랑구,1446, 중랑전화국 교차로,서울특별시 중랑구 면목동 282-8,10,37.591301,127.08033
중랑구,1447, 면목역 3번출구,서울특별시 면목동 120-2,15,37.588902,127.08728
중랑구,1448, 코스트코 상봉점,서울특별시 상봉동 160-3,15,37.597321,127.089798
중랑구,1449, 상봉역 1번출구,서울특별시 중랑구 망우로 297,15,37.596558,127.085838
중랑구,1450, 화랑대역 7번출구,서울특별시 노원구 화랑로 지하 510,10,37.619625,127.085014
중랑구,1451, 중랑세무서,서울특별시 중랑구 망우로 176,10,37.592758,127.07267
중랑구,1455, 상봉역 2번 출구,서울특별시 중랑구 망우로 297,10,37.596329,127.085899
중랑구,1456, 상아빌딩(우림시장 교차로),서울특별시 중랑구 용마산로 494,10,37.595112,127.100327
